IMU,92006729,-0.00110706,0.0005815099,0.0005605621,0.2462776,0.1119452,-9.833027,0,0,40.24326,1,1,1000,1000
IMU,92046655,-0.0002602329,0.0002491821,0.001151696,0.2394282,0.1108484,-9.848449,0,0,40.24417,1,1,1000,1000
IMU,92086595,-0.0002970904,-6.956237E-05,0.0001870959,0.2540803,0.114731,-9.838227,0,0,40.24448,1,1,1000,1000
IMU,92126560,0.0001089727,-0.0003975851,-0.000936761,0.2523122,0.1200444,-9.832792,0,0,40.2445,1,1,1000,1000
IMU,92166774,-7.723409E-05,-0.0003610806,0.0005918505,0.2618765,0.1046147,-9.833776,0,0,40.24445,1,1,1000,1000
IMU,92206564,-0.0001534169,0.0008836156,-0.00048548,0.2609819,0.1030797,-9.827628,0,0,40.24443,1,1,1000,1000
IMU,92246620,-0.0005397139,0.0005244708,0.0002241448,0.2433764,0.1058335,-9.842815,0,0,40.24461,1,1,1000,1000
IMU,92286581,0.001116572,0.0001159938,0.0004515429,0.2461821,0.1176169,-9.838236,0,0,40.24476,1,1,1000,1000
IMU,92326572,-0.0004619204,-0.00119796,0.0002794391,0.2578257,0.1045121,-9.847779,0,0,40.24513,1,1,1000,1000
IMU,92366763,-0.0006457136,-0.001036942,0.0002920066,0.2493638,0.1036623,-9.83696,0,0,40.24496,1,1,1000,1000
IMU,92406578,2.708798E-05,0.0002717886,4.047215E-05,0.2523631,0.1159256,-9.839584,0,0,40.24633,1,1,1000,1000
IMU,92446546,0.0001196659,5.628353E-05,0.000453042,0.2570151,0.09915543,-9.849936,0,0,40.24835,1,1,1000,1000
IMU,92486549,0.0001331956,0.001517206,0.0007878416,0.2540692,0.1108069,-9.83888,0,0,40.25037,1,1,1000,1000
IMU,92526571,-0.0003819512,-0.0007020491,-0.0003954051,0.2393524,0.1035091,-9.85006,0,0,40.2521,1,1,1000,1000
IMU,92566777,0.0001302429,-0.000970092,0.0003859809,0.2559152,0.1081753,-9.837764,0,0,40.25455,1,1,1000,1000
IMU,92606681,-0.001144437,0.0006238474,-0.0002411842,0.2496288,0.118879,-9.829011,0,0,40.25577,1,1,1000,1000
IMU,92646567,5.268986E-05,0.001179699,-0.0001466196,0.2588224,0.1178831,-9.835052,0,0,40.25598,1,1,1000,1000
IMU,92686562,0.0003149372,-0.0003636941,0.000920775,0.2578925,0.1194148,-9.829917,0,0,40.25589,1,1,1000,1000
IMU,92726558,-0.0008029446,0.0001040187,1.794244E-06,0.2630967,0.1206562,-9.821547,0,0,40.25537,1,1,1000,1000
IMU,92766855,0.0006425191,-0.0006035588,0.001123302,0.2500819,0.11222,-9.822896,0,0,40.25635,1,1,1000,1000
IMU,92806580,-0.0001710584,-0.0007183861,0.0001752196,0.2468767,0.1102348,-9.845196,0,0,40.2566,1,1,1000,1000
IMU,92846574,-0.0001959902,0.0004904016,0.0001710088,0.2472516,0.1061407,-9.822424,0,0,40.25682,1,1,1000,1000
IMU,92886742,-0.0002667801,-0.0008117968,0.0009179112,0.2500161,0.1113872,-9.831335,0,0,40.25679,1,1,1000,1000
IMU,92926605,-0.0005443207,-6.101724E-06,-0.001095246,0.2362687,0.1229586,-9.837337,0,0,40.25639,1,1,1000,1000
IMU,92966767,-0.0004863419,-0.0004388253,0.0003941135,0.243674,0.1028391,-9.850956,0,0,40.2576,1,1,1000,1000
IMU,93006566,0.0006366292,-9.75391E-05,0.000894529,0.2493361,0.1085406,-9.832227,0,0,40.25944,1,1,1000,1000
IMU,93046573,0.0006632513,0.0006637976,-0.0002852792,0.254135,0.1286551,-9.842776,0,0,40.26201,1,1,1000,1000
IMU,93086550,0.0003237668,-1.349105E-05,0.0003572743,0.236469,0.1092483,-9.82703,0,0,40.26363,1,1,1000,1000
IMU,93126618,-0.0007029184,0.000575565,0.0002041341,0.2586146,0.1284298,-9.835619,0,0,40.26462,1,1,1000,1000
IMU,93166761,0.0005279904,0.0002924205,0.0007236984,0.2477821,0.1068895,-9.840493,0,0,40.26349,1,1,1000,1000
IMU,93206600,0.0003368364,-0.0005001919,-0.0002405839,0.2600874,0.1104222,-9.819565,0,0,40.26234,1,1,1000,1000
IMU,93246621,6.136858E-05,9.500488E-05,0.0006453466,0.2408233,0.1025729,-9.843391,0,0,40.26147,1,1,1000,1000
IMU,93286616,-0.001492845,-0.0002331155,-0.0002362146,0.228976,0.1053396,-9.82985,0,0,40.26162,1,1,1000,1000
IMU,93326572,-0.0006143526,-7.258279E-05,0.0002219952,0.2614691,0.110972,-9.81983,0,0,40.26207,1,1,1000,1000
IMU,93366793,-0.000158361,-0.0002339904,4.2331E-05,0.2413808,0.1141599,-9.847647,0,0,40.26255,1,1,1000,1000
IMU,93406568,0.0009632617,0.0002851577,-0.0001396875,0.2502835,0.1068285,-9.853615,0,0,40.2634,1,1,1000,1000
IMU,93446573,6.282951E-05,-0.0005612862,0.0002714177,0.2459258,0.116975,-9.827566,0,0,40.26343,1,1,1000,1000
IMU,93486567,-0.0009637055,-0.0001436592,0.0006851443,0.2508357,0.1119374,-9.834696,0,0,40.26395,1,1,1000,1000
IMU,93526552,0.0002430496,-0.0002260936,-0.0001532731,0.2610148,0.1127499,-9.853256,0,0,40.26387,1,1,1000,1000
IMU,93566787,0.0005474377,-7.770545E-05,0.0004968654,0.2574026,0.1069386,-9.845524,0,0,40.26308,1,1,1000,1000
IMU,93606578,-0.0006663002,-0.001012537,-7.567576E-05,0.2475653,0.1107809,-9.829916,0,0,40.26411,1,1,1000,1000
IMU,93646647,-0.0002543505,0.0002395461,0.0001168981,0.2590845,0.1143357,-9.839071,0,0,40.26466,1,1,1000,1000
IMU,93686605,2.263136E-05,0.0001691557,-5.937141E-05,0.2510459,0.1158279,-9.805795,0,0,40.26427,1,1,1000,1000
IMU,93726566,-7.943191E-05,-0.0004948318,-0.0004221073,0.2487729,0.1112599,-9.838875,0,0,40.26361,1,1,1000,1000
IMU,93767066,-0.0003815937,-0.0001341568,0.0005720711,0.2502648,0.1074047,-9.82658,0,0,40.26313,1,1,1000,1000
IMU,93806588,-0.000463269,-0.0001371525,0.0003274347,0.2566711,0.1123431,-9.816336,0,0,40.2641,1,1,1000,1000
IMU,93846606,-0.0008517639,-0.0005523148,0.0008587197,0.2518695,0.1065206,-9.827153,0,0,40.26347,1,1,1000,1000
IMU,93886574,-0.001524119,-0.0007773035,0.0003404393,0.2501511,0.1120197,-9.84824,0,0,40.26229,1,1,1000,1000
IMU,93927049,-0.0001475856,-0.0009912532,-0.0005528419,0.2466808,0.1122107,-9.830945,0,0,40.26039,1,1,1000,1000
IMU,93966798,-0.001378835,0.0002934819,-0.0007558368,0.253078,0.1065225,-9.836215,0,0,40.25832,1,1,1000,1000
IMU,94006567,0.0008002969,0.0005213823,0.0005353517,0.2610109,0.1185523,-9.834461,0,0,40.25558,1,1,1000,1000
IMU,94046565,1.607242E-05,-0.0001521412,2.753794E-05,0.2523372,0.1071959,-9.843715,0,0,40.25311,1,1,1000,1000
IMU,94086745,-0.0003701086,0.0005568839,-2.134613E-05,0.2481053,0.1173659,-9.827693,0,0,40.25197,1,1,1000,1000
IMU,94126551,-0.0002100011,-0.0002437485,-0.0004508605,0.2545806,0.1178486,-9.838392,0,0,40.25239,1,1,1000,1000
IMU,94166789,0.0003326101,-2.044436E-05,0.0003973975,0.257014,0.1205801,-9.841584,0,0,40.25152,1,1,1000,1000
IMU,94206643,-0.0004935178,-3.225496E-05,0.0008206399,0.256331,0.1020136,-9.840941,0,0,40.25224,1,1,1000,1000
IMU,94246590,-0.0003113099,-0.0002931313,0.001831913,0.2641459,0.1041322,-9.820456,0,0,40.25304,1,1,1000,1000
IMU,94286607,0.0002728288,-0.0002148608,-0.008984414,0.2673059,0.1148759,-9.830773,0,0,40.25447,1,1,1000,1000
IMU,94326566,-0.001380925,-0.0006127308,0.008529143,0.2383176,0.1151402,-9.823393,0,0,40.25447,1,1,1000,1000
IMU,94366780,0.001627686,-0.002286858,-0.008993385,0.2529399,0.1019757,-9.794963,0,0,40.25443,1,1,1000,1000
IMU,94406729,0.004348275,-0.0003964825,-0.0277979,0.2344758,0.1416228,-9.907881,0,0,40.25533,1,1,1000,1000
IMU,94446583,-0.002954025,-0.001008219,0.03054336,0.1841863,0.08946566,-9.755891,0,0,40.25632,1,1,1000,1000
IMU,94486700,-0.004046928,0.001463674,-0.02202081,0.3011975,0.1043304,-9.905174,0,0,40.25803,1,1,1000,1000
IMU,94526577,0.001286045,0.001881648,-0.03379304,0.213986,0.1953662,-9.79245,0,0,40.25958,1,1,1000,1000
IMU,94567453,0.006043233,-0.002581917,0.07107478,0.2362798,0.03900085,-9.771357,0,0,40.26086,1,1,1000,1000
IMU,94606658,0.006164808,0.001037501,-0.08756777,0.2935211,0.03359226,-9.909018,0,0,40.2621,1,1,1000,1000
IMU,94646815,-0.01709722,-0.0007455837,0.1049134,0.1744793,0.09223617,-9.757681,0,0,40.26341,1,1,1000,1000
IMU,94686605,0.01747627,-0.005966487,-0.126421,0.2331517,0.02896442,-9.862592,0,0,40.26667,1,1,1000,1000
IMU,94726565,0.006713166,0.004816241,0.0766803,0.2056851,-0.1154955,-9.837166,0,0,40.27196,1,1,1000,1000
IMU,94766846,-0.01916324,-0.002299188,0.01348635,0.140524,-0.1669177,-9.833768,0,0,40.27727,1,1,1000,1000
IMU,94806589,-0.003871284,0.007630087,-0.05875124,0.4624961,0.5348612,-9.806777,0,0,40.28127,1,1,1000,1000
IMU,94846681,0.02157415,0.004146487,0.05553854,0.1314113,0.5309046,-9.842196,0,0,40.28296,1,1,1000,1000
IMU,94886562,0.002210805,-0.01131725,-0.07029296,0.2820984,-0.07783346,-9.800852,0,0,40.28239,1,1,1000,1000
IMU,94926619,-0.01983478,0.01701093,0.05261673,0.2627024,-0.08571424,-9.840017,0,0,40.27885,1,1,1000,1000
IMU,94966796,0.01436493,-0.004574946,-0.009646151,0.1753826,0.06680639,-9.768408,0,0,40.27341,1,1,1000,1000
IMU,95006653,0.01718128,0.001528451,-0.04018711,0.4178463,-0.02515693,-9.861812,0,0,40.26677,1,1,1000,1000
IMU,95046561,-0.01814992,-0.002047996,0.06227449,0.1312559,0.1632751,-9.81263,0,0,40.25946,1,1,1000,1000
IMU,95086678,-0.007971838,-0.006694393,-0.07893328,0.3164307,0.1228445,-9.815173,0,0,40.25206,1,1,1000,1000
IMU,95126584,0.01039156,0.003672492,0.06350388,0.3674579,0.2034404,-9.855614,0,0,40.2447,1,1,1000,1000
IMU,95166784,0.005514043,-0.01193917,-0.03864391,0.1951505,-0.1974006,-9.730691,0,0,40.23782,1,1,1000,1000
IMU,95206560,-0.01598791,-0.01000799,0.006602564,0.4299344,-0.2480133,-9.854366,0,0,40.23207,1,1,1000,1000
IMU,95246598,0.009807728,-0.01287489,0.03377204,-0.01802791,-0.02051654,-9.797208,0,0,40.22737,1,1,1000,1000
IMU,95286701,0.01053771,-0.002477448,-0.06125396,0.04867397,0.02322773,-9.861608,0,0,40.22343,1,1,1000,1000
IMU,95326672,-0.01495081,0.01804005,0.06356097,0.217993,0.6908778,-9.792223,0,0,40.21966,1,1,1000,1000
IMU,95366761,-0.005301913,0.003158852,-0.0359086,0.2621681,0.1473881,-9.860785,0,0,40.21649,1,1,1000,1000
IMU,95406592,0.013474,-0.002572026,0.01567308,0.3272768,-0.2757225,-9.867352,0,0,40.21198,1,1,1000,1000
IMU,95446558,0.0007207178,0.01511174,0.01035779,0.1476367,-0.07707782,-9.80172,0,0,40.20746,1,1,1000,1000
IMU,95486588,-0.01153532,-0.002458161,-0.02657048,0.4625027,0.50991,-9.847188,0,0,40.20387,1,1,1000,1000
IMU,95526669,-0.003507019,-0.004215501,0.03977821,0.1851893,-0.09581855,-9.831797,0,0,40.20001,1,1,1000,1000
IMU,95566775,0.01106549,-0.0002126679,-0.04194199,0.1607268,0.2260791,-9.817987,0,0,40.1962,1,1,1000,1000
IMU,95606566,-0.009490734,0.003608217,0.03441708,0.3103383,0.1522258,-9.810176,0,0,40.19345,1,1,1000,1000
IMU,95646574,-0.005561616,-0.007112438,-0.01484366,0.240213,-0.1630543,-9.801168,0,0,40.19035,1,1,1000,1000
IMU,95686549,0.006127836,0.007290192,-0.005424258,0.1482246,0.2807167,-9.755925,0,0,40.18697,1,1,1000,1000
IMU,95726595,0.001358178,0.003732988,0.02348567,0.3089614,0.222781,-9.840899,0,0,40.18319,1,1,1000,1000
IMU,95766837,-0.002271515,-0.007623533,-0.03279055,0.304489,-0.1311011,-9.77605,0,0,40.17733,1,1,1000,1000
IMU,95806578,-0.00558084,0.006098841,0.03422299,0.1317566,0.2394495,-9.7411,0,0,40.17081,1,1,1000,1000
IMU,95846616,0.009329259,-0.003909218,-0.02841186,0.3332494,0.2610337,-9.899593,0,0,40.16395,1,1,1000,1000
IMU,95886667,-0.001239433,-0.001201374,0.01615951,0.2400701,-0.1769832,-9.786755,0,0,40.15776,1,1,1000,1000
IMU,95926589,-0.009943016,-0.0004195042,-0.001275068,0.1417776,0.27622,-9.8515,0,0,40.1527,1,1,1000,1000
IMU,95966770,0.005604139,-0.0003417248,-0.01509623,0.3478885,0.2630891,-9.889585,0,0,40.14799,1,1,1000,1000
IMU,96006652,0.005975098,-0.003338755,0.02602327,0.2412475,-0.1955377,-9.834914,0,0,40.14244,1,1,1000,1000
IMU,96046624,-0.007662763,0.002114567,-0.03140976,0.1125285,0.2286776,-9.792588,0,0,40.13724,1,1,1000,1000
IMU,96086666,-0.002276894,-0.0004034765,0.02717812,0.4302982,0.1615959,-9.821346,0,0,40.13228,1,1,1000,1000
IMU,96126568,0.009797731,-0.005416659,-0.01387514,0.1368231,-0.09211097,-9.799036,0,0,40.12737,1,1,1000,1000
IMU,96166779,-0.004467515,0.0040538,-0.00384622,0.2506935,0.1987596,-9.801335,0,0,40.12294,1,1,1000,1000
IMU,96206554,-0.006794795,0.0001298762,0.01997325,0.2969818,0.191652,-9.88748,0,0,40.11835,1,1,1000,1000
IMU,96246617,0.007036493,-0.00413217,-0.02702825,0.2128767,-0.08976807,-9.768542,0,0,40.11427,1,1,1000,1000
IMU,96286607,0.0002573388,0.011118,0.02777059,0.2036565,0.2674972,-9.894186,0,0,40.11059,1,1,1000,1000
IMU,96326663,-0.003422053,-0.007239882,-0.02099802,0.3194916,0.09769206,-9.746064,0,0,40.10723,1,1,1000,1000
IMU,96366832,-0.002227511,-0.001276581,0.01430215,0.2260967,-0.02328201,-9.890591,0,0,40.10406,1,1,1000,1000
IMU,96406570,0.004709688,0.006954186,-0.004285831,0.1652288,0.2890141,-9.735086,0,0,40.10153,1,1,1000,1000
IMU,96446547,-0.001377923,-0.005346784,-0.007827067,0.434911,-0.0219621,-9.865757,0,0,40.09952,1,1,1000,1000
IMU,96486563,-0.005210895,-0.003798648,0.01937751,0.1020151,0.04208989,-9.707956,0,0,40.09771,1,1,1000,1000
IMU,96526560,0.002067072,0.005626353,-0.02826104,0.2743527,0.2154503,-9.826612,0,0,40.09611,1,1,1000,1000
IMU,96567221,0.004251861,-0.004144453,0.02932153,0.342943,0.1173983,-9.851871,0,0,40.09478,1,1,1000,1000
IMU,96606564,-0.005607528,-0.003012384,-0.01972199,0.1271456,-0.1188363,-9.709574,0,0,40.09349,1,1,1000,1000
IMU,96646551,-0.002032268,0.006216698,0.004528963,0.2794877,0.3846177,-9.96314,0,0,40.09253,1,1,1000,1000
IMU,96686639,0.008633692,-0.006832511,0.01143919,0.3087724,-0.05621651,-9.825057,0,0,40.09172,1,1,1000,1000
IMU,96726622,-0.002265702,-0.0004026254,-0.02003596,0.1627519,0.03138529,-9.884502,0,0,40.09121,1,1,1000,1000
IMU,96767035,-0.006666325,0.007656037,0.02457396,0.2153602,0.2995902,-9.793288,0,0,40.09078,1,1,1000,1000
IMU,96806579,0.005414614,-0.00595571,-0.02164505,0.3698954,0.04007962,-9.961441,0,0,40.09047,1,1,1000,1000
IMU,96846681,-0.0001214145,-0.0003036182,0.0139431,0.1122099,0.07542916,-9.703862,0,0,40.08984,1,1,1000,1000
IMU,96886568,-0.005594714,0.005672541,-0.005456098,0.2668846,0.2198982,-9.959933,0,0,40.08894,1,1,1000,1000
IMU,96926866,0.002134572,-0.008830696,-0.003387318,0.3631344,0.1641527,-9.800089,0,0,40.08816,1,1,1000,1000
IMU,96966778,-0.0001506467,0.004851916,0.01170186,0.08550677,-0.04641881,-9.815725,0,0,40.08684,1,1,1000,1000
IMU,97006693,-0.0002496337,-0.001111205,-0.01463342,0.3361455,0.3112624,-9.764925,0,0,40.08577,1,1,1000,1000
IMU,97046593,-0.006203406,6.134486E-05,0.02019767,0.1737203,-0.0627955,-9.840093,0,0,40.08481,1,1,1000,1000
IMU,97087043,0.007028271,-0.0009921000000000001,-0.01324608,0.3014901,0.08708584,-9.763739,0,0,40.08358,1,1,1000,1000
IMU,97126587,0.001527151,0.003633841,0.005182407,0.1736465,0.10651,-9.702345,0,0,40.08183,1,1,1000,1000
IMU,97166977,-0.01182928,0.00133669,0.0004422171,0.1636895,0.1617601,-9.854234,0,0,40.07915,1,1,1000,1000
IMU,97206610,-0.004374462,0.002945211,-0.01533803,0.1565921,0.1297749,-9.808264,0,0,40.07681,1,1,1000,1000
IMU,97246691,0.0009220761,0.005125355,0.02519917,0.2053758,0.08828039,-9.686596,0,0,40.07401,1,1,1000,1000
IMU,97286612,-0.001194059,-0.01155672,-0.02253296,0.3632316,0.04281442,-9.788093,0,0,40.07053,1,1,1000,1000
IMU,97326582,-0.004928818,0.008041179,0.002661029,0.1124121,0.1721078,-9.643026,0,0,40.06567,1,1,1000,1000
IMU,97366827,0.005168248,0.007058175,-0.01170078,0.3419846,-0.05851644,-9.986578,0,0,40.06059,1,1,1000,1000
IMU,97406594,-0.008727163,-0.02753379,-0.01591108,0.3445997,-0.08094653,-9.980776,0,0,40.05571,1,1,1000,1000
IMU,97446601,-0.002139074,-0.04048613,0.007117812,0.3820248,0.02215067,-9.705745,0,0,40.05077,1,1,1000,1000
IMU,97486570,-0.005626212,-0.04157794,0.007460895,0.3749411,-0.1237868,-9.524949,0,0,40.04505,1,1,1000,1000
IMU,97526606,-0.003377344,-0.02359071,0.02856595,0.1902825,-0.3313758,-9.912367,0,0,40.03957,1,1,1000,1000
IMU,97567382,-0.003196223,0.01248225,0.03119689,-0.03689455,0.02365447,-9.781348,0,0,40.03398,1,1,1000,1000
IMU,97606593,-0.001299377,0.01668326,0.03265323,0.001896158,0.2937705,-9.851852,0,0,40.02836,1,1,1000,1000
IMU,97646573,-0.009435081,0.01218508,0.02321495,0.3157761,0.206294,-9.991717,0,0,40.02197,1,1,1000,1000
IMU,97686705,0.004615705,-0.0365613,0.01524985,0.3384864,0.01438613,-9.696812,0,0,40.0156,1,1,1000,1000
IMU,97726646,-0.006669618,0.0219498,0.007943934,0.3384129,-0.1123498,-9.921812,0,0,40.00944,1,1,1000,1000
IMU,97766983,0.001732589,0.01537168,-0.004126934,0.1823014,0.369939,-9.841471,0,0,40.0035,1,1,1000,1000
IMU,97806619,0.0109514,0.0003148264,0.01263646,0.4715704,-0.6180114,-9.83088,0,0,39.99817,1,1,1000,1000
IMU,97846607,-0.05161569,0.008894769,0.02302467,0.1542273,0.5434148,-9.931116,0,0,39.99314,1,1,1000,1000
IMU,97886651,-0.02927602,0.0259254,0.006104517,0.38514,-0.3795737,-10.0831,0,0,39.98842,1,1,1000,1000
IMU,97926664,0.01076548,0.1011347,0.02114761,0.1941649,0.2165253,-10.42257,0,0,39.98408,1,1,1000,1000
IMU,97966786,0.008532915,0.05054127,0.0240818,0.3514119,0.1057481,-10.61555,0,0,39.97995,1,1,1000,1000
IMU,98006609,0.0483125,-0.01165272,0.01738205,0.2783016,-0.09302969,-10.41898,0,0,39.97638,1,1,1000,1000
IMU,98046579,-0.02965092,0.05571851,0.01794585,0.2615505,-0.1901086,-10.53394,0,0,39.97308,1,1,1000,1000
IMU,98086722,-0.07134873,-0.02653953,-0.002870415,0.3798266,-0.2775833,-10.35377,0,0,39.96957,1,1,1000,1000
IMU,98126587,-0.05152689,-0.009106713,-0.02102065,0.2605548,0.497554,-10.32828,0,0,39.96526,1,1,1000,1000
IMU,98166792,0.07793275,0.01048111,-0.02981197,0.2623181,-0.19134,-10.57624,0,0,39.9597,1,1,1000,1000
IMU,98206567,0.1206142,-0.04151435,-0.04083395,0.3378606,-0.345477,-10.45183,0,0,39.95357,1,1,1000,1000
IMU,98246680,0.08217315,-0.0216183,-0.04241789,0.1759143,0.3411748,-10.57492,0,0,39.94624,1,1,1000,1000
IMU,98286620,0.03438875,0.03172406,-0.0501116,0.3546082,-0.0468903,-10.40276,0,0,39.93792,1,1,1000,1000
IMU,98326608,0.009737032,-0.04110159,-0.05477609,0.3592294,-0.3110782,-10.25156,0,0,39.92806,1,1,1000,1000
IMU,98366800,0.0160192,-0.1070463,-0.05344414,0.312869,0.2029363,-10.60966,0,0,39.9168,1,1,1000,1000
IMU,98406561,0.02589391,-0.07662097,-0.06027829,0.3028575,0.05156254,-10.35385,0,0,39.90559,1,1,1000,1000
IMU,98446557,0.03202023,0.006925073,-0.06488519,0.2254865,-0.1949076,-10.17265,0,0,39.89457,1,1,1000,1000
IMU,98486646,0.002323898,0.04952624,-0.05678074,0.2558804,0.1102506,-10.43949,0,0,39.88436,1,1,1000,1000
IMU,98526647,0.02493349,0.00622562,-0.0614832,0.341095,-0.07488026,-10.10739,0,0,39.87503,1,1,1000,1000
IMU,98566794,0.04117884,0.008967482,-0.06730755,0.2744282,0.02001389,-9.935345,0,0,39.86676,1,1,1000,1000
IMU,98606579,0.05166803,0.01602273,-0.07154064,0.3324355,0.2001246,-10.16696,0,0,39.8602,1,1,1000,1000
IMU,98646558,0.03229741,-0.02605286,-0.06995839,0.3456102,-0.2346499,-9.722208,0,0,39.85526,1,1,1000,1000
IMU,98686619,0.04875587,-0.004442848,-0.0775589,0.2088697,0.2112112,-9.674459,0,0,39.85146,1,1,1000,1000
IMU,98726642,0.02390618,-0.007306454,-0.07421771,0.2783414,0.1085961,-9.647802,0,0,39.84832,1,1,1000,1000
IMU,98767278,0.03918647,-0.01321066,-0.0794523,0.3045738,-0.3294642,-9.529346,0,0,39.84586,1,1,1000,1000
IMU,98806703,0.01034494,0.01026539,-0.06400821,0.1856191,0.4380679,-9.528228,0,0,39.84399,1,1,1000,1000
IMU,98846660,0.002265775,0.004640514,-0.05762971,0.3421825,-0.3579725,-9.410306,0,0,39.84259,1,1,1000,1000
IMU,98886583,0.004057522,0.007495058,-0.03915087,0.272256,0.1386619,-9.321227,0,0,39.84168,1,1,1000,1000
IMU,98926635,-0.003314998,0.02694171,-0.03500988,0.2387827,0.02494366,-9.402505,0,0,39.84113,1,1,1000,1000
IMU,98966818,-0.003216917,-0.02744471,-0.0209094,0.3450724,-0.1623917,-9.16071,0,0,39.84079,1,1,1000,1000
IMU,99006720,0.004963168,0.02452333,-0.01293622,0.1578678,0.2390601,-9.263467,0,0,39.84074,1,1,1000,1000
IMU,99046567,-0.01349165,-0.02688843,-0.001843299,0.3665402,-0.1533242,-9.072897,0,0,39.84074,1,1,1000,1000
IMU,99086753,0.0009808564,0.0275011,0.01149464,0.1831695,0.003823686,-9.18694,0,0,39.84104,1,1,1000,1000
IMU,99126713,-0.01403203,-0.002643408,0.02104216,0.2956809,0.01082297,-9.14777,0,0,39.84055,1,1,1000,1000
IMU,99166766,-0.01126804,0.003156283,0.02738637,0.286204,-0.1477907,-9.253782,0,0,39.83929,1,1,1000,1000
IMU,99206602,-0.02810318,0.006835719,0.03536642,0.2418076,0.1395542,-9.192938,0,0,39.83855,1,1,1000,1000
IMU,99246617,-0.0243315,-0.01534287,0.03360509,0.2990113,-0.2864121,-9.299021,0,0,39.83778,1,1,1000,1000
IMU,99286678,-0.03638688,0.01464616,0.0450612,0.2252709,0.1912577,-9.284757,0,0,39.83621,1,1,1000,1000
IMU,99326592,-0.0288224,-0.0152788,0.0337579,0.3345644,-0.1602204,-9.31171,0,0,39.83338,1,1,1000,1000
IMU,99366796,-0.01831939,0.007924659,0.04502375,0.2004852,0.202004,-9.181646,0,0,39.82971,1,1,1000,1000
IMU,99406591,-0.01348867,-0.02598128,0.03147257,0.3149902,-0.3113826,-9.442236,0,0,39.82506,1,1,1000,1000
IMU,99446602,-0.01602407,-0.01241752,0.03874616,0.2005126,0.2228424,-9.317947,0,0,39.82017,1,1,1000,1000
IMU,99487185,-0.02109243,-0.0177852,0.03220405,0.3096339,-0.1284947,-9.641994,0,0,39.81377,1,1,1000,1000
IMU,99526572,-0.01151286,-0.02885521,0.0290342,0.3020604,-0.1445741,-9.473231,0,0,39.80822,1,1,1000,1000
IMU,99566770,-0.01870904,-0.001459787,0.02957701,0.1957285,0.3011363,-9.670053,0,0,39.80279,1,1,1000,1000
IMU,99606625,-0.01659788,-0.02529811,0.01761734,0.3826658,-0.4081199,-9.683331,0,0,39.79636,1,1,1000,1000
IMU,99646571,-0.02958488,-0.007166555,0.01863655,0.1457809,0.2200119,-9.578167,0,0,39.78954,1,1,1000,1000
IMU,99686635,-0.03281513,-0.006515697,0.006987361,0.3381719,-0.1018512,-9.713033,0,0,39.78316,1,1,1000,1000
IMU,99726633,-0.01874985,-0.02678675,0.01387035,0.3120829,-0.1811283,-9.670554,0,0,39.77739,1,1,1000,1000
IMU,99766848,-0.01127895,0.007264424,0.01198558,0.2142142,0.3436421,-9.803967,0,0,39.77132,1,1,1000,1000
IMU,99806645,-0.007669779,0.005350578,0.002875559,0.3181995,-0.3172874,-9.827902,0,0,39.76583,1,1,1000,1000
IMU,99846660,-0.002777413,0.00474783,0.005861063,0.2413403,0.05041959,-9.773149,0,0,39.7599,1,1,1000,1000
IMU,99886585,-0.01783437,0.02246194,-0.008630257,0.3028179,0.01908884,-9.927312,0,0,39.75406,1,1,1000,1000
IMU,99926629,-0.0129479,-0.00138821,-0.01516512,0.3444468,-0.2445391,-9.813289,0,0,39.74847,1,1,1000,1000
IMU,99966788,-0.018156,0.005422567,-0.008645777,0.2016534,0.268132,-9.862251,0,0,39.74336,1,1,1000,1000
IMU,100007168,-0.01258229,-0.005428555,-0.01653185,0.3112729,-0.4110542,-9.846704,0,0,39.73851,1,1,1000,1000
IMU,100046580,-0.008699629,-0.02182657,-0.01408295,0.2402941,-0.04900623,-9.90372,0,0,39.73381,1,1,1000,1000
IMU,100086648,-0.01631936,-0.007391258,-0.008150302,0.1847807,0.3758905,-9.884916,0,0,39.7301,1,1,1000,1000
IMU,100126619,0.01257468,0.01090894,-0.008874306,0.3248195,-0.4628401,-9.914382,0,0,39.72717,1,1,1000,1000
IMU,100166821,0.02701334,0.0002937148,-0.01224919,0.2496019,0.04282638,-9.936495,0,0,39.72477,1,1,1000,1000
IMU,100206731,0.005479447,0.03277785,-0.01074881,0.2871976,-0.01258041,-9.866901,0,0,39.72281,1,1,1000,1000
IMU,100246654,0.008607839,-0.002182829,-0.01762494,0.3199706,-0.3548381,-9.9216,0,0,39.72092,1,1,1000,1000
IMU,100286643,0.01459785,0.007266062,-0.01483498,0.2843067,0.09079862,-9.84626,0,0,39.71965,1,1,1000,1000
IMU,100326583,0.01071023,0.02852802,-0.0197172,0.2512186,0.05674286,-9.88879,0,0,39.71864,1,1,1000,1000
IMU,100366793,0.0004544645,-0.0212172,-0.01547246,0.3013928,-0.1618726,-9.909697,0,0,39.71786,1,1,1000,1000
IMU,100406688,0.006789149,0.02012845,-0.005266834,0.1997111,0.07518607,-9.757841,0,0,39.7172,1,1,1000,1000
IMU,100446643,0.003013151,0.02216019,-0.009313706,0.2611589,-0.09520122,-10.01201,0,0,39.71613,1,1,1000,1000
IMU,100486577,0.01809186,0.002346098,-0.004963489,0.3059924,-0.05807976,-9.798972,0,0,39.71507,1,1,1000,1000
IMU,100526579,0.009122687,0.01156966,0.002475882,0.2184681,0.1797031,-9.7844,0,0,39.71402,1,1,1000,1000
IMU,100566777,0.003747666,-0.0048743,0.002843833,0.3421192,-0.2323787,-9.988523,0,0,39.71268,1,1,1000,1000
IMU,100606659,-0.01541413,-0.02860678,0.01700053,0.287915,-0.05802999,-9.769641,0,0,39.71092,1,1,1000,1000
IMU,100646851,-0.01990483,-0.005900526,0.0179896,0.1602917,0.2523839,-9.918337,0,0,39.70839,1,1,1000,1000
IMU,100686704,-0.01815552,-0.02137316,0.01810612,0.2802545,-0.1992286,-10.02533,0,0,39.7049,1,1,1000,1000
IMU,100726595,-0.005025169,-0.02158383,0.02375901,0.2938828,-0.08636755,-9.744855,0,0,39.70016,1,1,1000,1000
IMU,100766845,-0.007921694,0.01563456,0.02632743,0.2250137,0.2541182,-9.897338,0,0,39.69396,1,1,1000,1000
IMU,100806585,0.01334216,-0.01955413,0.02817219,0.3057761,-0.19566,-9.852913,0,0,39.68812,1,1,1000,1000
IMU,100846682,0.02045348,-0.01309798,0.0294236,0.2925795,-0.007893076,-9.761232,0,0,39.68261,1,1,1000,1000
IMU,100886613,-0.005097542,0.02352618,0.02417193,0.2097608,0.0461896,-9.905545,0,0,39.67859,1,1,1000,1000
IMU,100926599,-0.004057591,-0.008036539,0.02460118,0.2417222,-0.08650883,-9.777735,0,0,39.67422,1,1,1000,1000
IMU,100966806,-0.006877529,0.0125358,0.02886265,0.2664028,0.1120044,-9.655193,0,0,39.66908,1,1,1000,1000
IMU,101006662,-0.0003118289,0.01929902,0.02512338,0.2313193,-0.2188838,-9.863294,0,0,39.66272,1,1,1000,1000
IMU,101046668,0.007871276,-0.01747431,0.02637688,0.2471691,0.1763514,-9.672092,0,0,39.65638,1,1,1000,1000
IMU,101086857,0.009561202,0.02493351,0.03201484,0.2161189,0.1440896,-9.668395,0,0,39.65094,1,1,1000,1000
IMU,101126603,0.01930568,0.005053459,0.02815745,0.293331,-0.2549182,-9.872496,0,0,39.6462,1,1,1000,1000
IMU,101166821,0.009789337,-0.01321082,0.02936858,0.2426522,0.2335753,-9.724798,0,0,39.64115,1,1,1000,1000
IMU,101206584,0.008529047,0.03906208,0.02340937,0.3079046,-0.1594552,-9.876258,0,0,39.63623,1,1,1000,1000
IMU,101246645,-0.0002270025,-0.02423808,0.02440914,0.3168141,-0.2892519,-9.874022,0,0,39.63043,1,1,1000,1000
IMU,101286610,0.002247285,0.02277666,0.02427773,0.1846085,0.3557861,-9.680454,0,0,39.62515,1,1,1000,1000
IMU,101326576,-0.007998545,0.008967894,0.01807466,0.3105592,-0.4095142,-9.741248,0,0,39.62003,1,1,1000,1000
IMU,101366813,-0.01056536,-0.01924759,0.02370866,0.2733431,0.04886996,-9.754366,0,0,39.61569,1,1,1000,1000
IMU,101406572,-0.003432065,0.01941134,0.02603796,0.2423096,0.1956727,-9.767125,0,0,39.61174,1,1,1000,1000
IMU,101446698,0.007897068,-0.007279248,0.02208258,0.2713044,-0.3291887,-9.798503,0,0,39.60826,1,1,1000,1000
IMU,101486590,0.0007336846,-0.007347897,0.0345623,0.2395739,0.2853788,-9.824751,0,0,39.60515,1,1,1000,1000
IMU,101527007,-0.01918684,0.001341461,0.03354563,0.2736485,-0.1368114,-9.778269,0,0,39.60251,1,1,1000,1000
IMU,101566769,-0.01345809,-0.00891221,0.04246029,0.2198224,-0.06568729,-9.853786,0,0,39.60022,1,1,1000,1000
IMU,101606618,-0.008045513,-0.01405183,0.05483516,0.2737035,0.233288,-9.894519,0,0,39.59837,1,1,1000,1000
IMU,101646614,0.01050524,-0.0261642,0.04937537,0.2619956,-0.2182956,-9.726565,0,0,39.59675,1,1,1000,1000
IMU,101686670,0.01349089,0.01041614,0.05091992,0.2215773,0.2092568,-9.934636,0,0,39.59575,1,1,1000,1000
IMU,101726579,0.01708477,-0.02023236,0.0493053,0.3149787,-0.08630016,-9.876346,0,0,39.59498,1,1,1000,1000
IMU,101767021,0.01806455,-0.02236738,0.04539282,0.2352429,0.001140799,-9.707287,0,0,39.59443,1,1,1000,1000
IMU,101806612,-0.008250536,0.005599522,0.04209293,0.2263324,0.1303875,-10.01982,0,0,39.59397,1,1,1000,1000
IMU,101846640,-0.01110306,-0.04153468,0.03974209,0.3265056,-0.2228172,-9.827217,0,0,39.59343,1,1,1000,1000
IMU,101886572,-0.001538414,0.004527229,0.03584206,0.1628288,0.370263,-9.791,0,0,39.59262,1,1,1000,1000
IMU,101926599,0.0009644629,-0.001984478,0.03249957,0.3356442,-0.2586132,-9.87747,0,0,39.59168,1,1,1000,1000
IMU,101966782,0.00960523,0.009585287,0.03291472,0.1793638,-0.008954059,-9.774548,0,0,39.59022,1,1,1000,1000
IMU,102006624,-0.01137852,-0.01450891,0.02273069,0.277317,0.01781106,-9.844509,0,0,39.58917,1,1,1000,1000
IMU,102046576,-0.01253606,-0.01917215,0.02055252,0.3078292,-0.2111468,-9.793512,0,0,39.58798,1,1,1000,1000
IMU,102086705,-0.006976616,0.03039848,0.0217404,0.1490396,0.1917222,-9.939335,0,0,39.5861,1,1,1000,1000
IMU,102126671,0.00138358,-0.03158078,0.01623787,0.2626036,-0.08363469,-9.694098,0,0,39.58405,1,1,1000,1000
IMU,102167179,0.003214743,-0.003135053,0.02489616,0.2547347,0.1908841,-9.727939,0,0,39.5817,1,1,1000,1000
IMU,102206579,-0.00366799,0.004323928,0.01654621,0.2595097,-0.1635556,-9.860159,0,0,39.57847,1,1,1000,1000
IMU,102246611,0.001887686,0.004005715,0.02339816,0.1959055,0.04060098,-9.745239,0,0,39.57401,1,1,1000,1000
IMU,102286612,-0.003574742,0.01517318,0.02068184,0.2873326,0.1341129,-9.837376,0,0,39.57038,1,1,1000,1000
IMU,102326620,0.00580602,0.001707959,0.01581705,0.2838388,-0.1831224,-9.632815,0,0,39.56718,1,1,1000,1000
IMU,102366773,-0.008100433,-0.001065402,0.02319495,0.2399349,0.1413051,-9.886436,0,0,39.56368,1,1,1000,1000
IMU,102406558,0.0038536,-0.04897307,0.01607384,0.2928617,0.03938372,-9.700632,0,0,39.55913,1,1,1000,1000
IMU,102446592,-0.00576657,0.01619375,0.01944274,0.1728112,0.1589661,-9.689865,0,0,39.55578,1,1,1000,1000
IMU,102486583,0.005602918,-0.02316714,0.0130974,0.2779756,-0.3259058,-9.958253,0,0,39.55259,1,1,1000,1000
IMU,102526701,0.007188451,-0.0245389,0.01732706,0.1415245,0.3871642,-9.81654,0,0,39.54809,1,1,1000,1000
IMU,102566787,-0.01603381,0.01104778,0.02448956,0.2542255,-0.0728516,-9.874663,0,0,39.54388,1,1,1000,1000
IMU,102606645,-0.009840895,0.01357132,0.0264623,0.2231087,-0.2435376,-9.810514,0,0,39.5379,1,1,1000,1000
IMU,102646581,0.001855436,0.02655478,0.03009327,0.1773133,0.3574057,-10.01743,0,0,39.5309,1,1,1000,1000
IMU,102686601,-0.001783075,-0.009228665,0.02943878,0.3434157,-0.1858213,-9.771462,0,0,39.52431,1,1,1000,1000
IMU,102726569,-0.02675708,0.0300406,0.03657096,0.1510715,0.2743813,-9.861234,0,0,39.5177,1,1,1000,1000
IMU,102767074,-0.01697909,-0.01203203,0.02998987,0.2939893,-0.2141903,-9.862092,0,0,39.51089,1,1,1000,1000
IMU,102806620,0.01165838,0.02765532,0.0369673,0.1526192,0.2875551,-9.817508,0,0,39.50414,1,1,1000,1000
IMU,102846677,-0.005372907,0.001205217,0.02929848,0.2750659,-0.06029113,-9.770201,0,0,39.49767,1,1,1000,1000
IMU,102886647,-0.01250747,0.007509327,0.03074591,0.1698352,-0.009112896,-9.809484,0,0,39.49188,1,1,1000,1000
IMU,102926596,-0.02457604,0.00221012,0.02544948,0.2010858,-0.01153137,-9.961175,0,0,39.48703,1,1,1000,1000
IMU,102966783,-0.002067377,0.00234411,0.02878484,0.1173231,0.1871838,-9.720516,0,0,39.48312,1,1,1000,1000
IMU,103006570,-0.01113739,-0.0003953017,0.02342346,0.2255432,-0.0386546,-9.896696,0,0,39.47963,1,1,1000,1000
IMU,103046644,-0.01843148,-0.006333255,0.0123761,0.1771134,0.03437757,-9.759094,0,0,39.47676,1,1,1000,1000
IMU,103086721,-0.03105356,0.01775841,0.01970794,0.1873553,0.04802037,-9.996473,0,0,39.47462,1,1,1000,1000
IMU,103126577,-0.01963947,-0.02229729,0.01527616,0.1706308,-0.04862623,-9.797795,0,0,39.47285,1,1,1000,1000
IMU,103166863,-0.02019049,0.01665534,0.01870965,0.03709099,0.5565853,-9.897481,0,0,39.4713,1,1,1000,1000
IMU,103206587,-0.04147742,-0.02774597,0.01462901,0.2988583,-0.1842052,-9.736838,0,0,39.47011,1,1,1000,1000
IMU,103246633,-0.02490203,0.02005322,0.0201412,0.02296249,0.2048727,-9.818937,0,0,39.46915,1,1,1000,1000
IMU,103286621,-0.01168921,-0.03010262,0.02425855,0.1925992,-0.1623644,-9.839331,0,0,39.4685,1,1,1000,1000
IMU,103326577,-0.009348431,-0.01980603,0.03482636,0.06958321,0.5052934,-9.858484,0,0,39.46803,1,1,1000,1000
IMU,103366817,-0.0204528,-0.03543158,0.03379148,0.1822599,0.05590241,-9.704655,0,0,39.46783,1,1,1000,1000
IMU,103406565,0.003162452,0.001528247,0.0439271,-0.002722805,0.2277401,-9.684065,0,0,39.467,1,1,1000,1000
IMU,103446586,-0.0005351299,-0.02957568,0.05451692,0.04061362,0.03520895,-9.778257,0,0,39.46603,1,1,1000,1000
IMU,103486570,0.01653309,-0.01462322,0.08985928,-0.3265512,0.9325682,-9.534386,0,0,39.46519,1,1,1000,1000
IMU,103526626,0.05610973,-0.1324391,0.241404,-1.717616,2.304997,-8.415937,0,0,39.46411,1,1,1000,1000
IMU,103566863,0.1135308,-0.2141719,0.5054957,-1.462371,2.01124,-8.954785,0,0,39.46246,1,1,1000,1000
IMU,103606630,-0.01156461,-0.05903315,0.5346745,-0.2261968,0.5190222,-10.53957,0,0,39.45924,1,1,1000,1000
IMU,103646586,-0.09217639,0.03397535,0.439574,0.04717655,0.1879754,-10.59723,0,0,39.45622,1,1,1000,1000
IMU,103686583,-0.08348539,0.06292001,0.3381073,0.0006091464,0.5047048,-10.55614,0,0,39.45273,1,1,1000,1000
IMU,103726566,-0.04985722,-0.006212177,0.2308992,0.192143,-0.07784399,-10.23145,0,0,39.44977,1,1,1000,1000
IMU,103766992,-0.04034157,0.02406557,0.1351621,0.2023862,-0.02610213,-10.17351,0,0,39.44684,1,1,1000,1000
IMU,103806610,-0.01334418,0.02860418,0.05722792,-0.09786874,0.5881422,-10.1308,0,0,39.44337,1,1,1000,1000
IMU,103846613,-0.008425353,0.003170633,-0.01725521,0.3169849,-0.3394285,-10.01934,0,0,39.43963,1,1,1000,1000
IMU,103886675,0.002221262,0.04851399,-0.08295666,0.1891824,-0.04179453,-10.01526,0,0,39.43547,1,1,1000,1000
IMU,103926611,0.01468786,0.03981105,-0.1247217,0.05263667,0.3646784,-10.03797,0,0,39.43193,1,1,1000,1000
IMU,103966788,0.01532558,0.0055936,-0.1681732,0.2530217,-0.314766,-9.872214,0,0,39.42833,1,1,1000,1000
IMU,104006604,0.01655639,0.05460245,-0.2021607,0.06069284,0.105449,-10.05253,0,0,39.42329,1,1,1000,1000
IMU,104046705,0.02602875,0.03060667,-0.2274481,0.07191999,0.04347561,-9.834154,0,0,39.41849,1,1,1000,1000
IMU,104086731,0.02576173,0.0003587181,-0.2444166,0.2378058,-0.01285581,-9.857989,0,0,39.41258,1,1,1000,1000
IMU,104126608,0.02478208,0.03204129,-0.253041,0.05066467,0.5045445,-9.811991,0,0,39.40601,1,1,1000,1000
IMU,104166779,0.01280569,-0.006955212,-0.2574429,0.3322989,-0.1458056,-9.696062,0,0,39.39927,1,1,1000,1000
IMU,104206590,0.01632501,0.05466558,-0.2557021,0.05770123,0.3991922,-9.743488,0,0,39.39238,1,1,1000,1000
IMU,104246642,0.01939649,0.01456397,-0.2545136,0.2496489,-0.3192194,-9.736032,0,0,39.38577,1,1,1000,1000
IMU,104286595,0.01006956,0.06394584,-0.238086,0.06072202,0.5560219,-9.771222,0,0,39.38003,1,1,1000,1000
IMU,104326577,0.01844048,-0.006579416,-0.2168222,0.3397017,-0.2222404,-9.611911,0,0,39.37464,1,1,1000,1000
IMU,104366871,0.03544988,0.01640375,-0.1974108,0.0837146,0.4766852,-9.777837,0,0,39.36975,1,1,1000,1000
IMU,104406653,0.03114582,-0.01783912,-0.1815839,0.241911,-0.2641084,-9.68914,0,0,39.36516,1,1,1000,1000
IMU,104446626,0.01600675,0.009876288,-0.151881,0.05026286,0.3507865,-9.695011,0,0,39.36134,1,1,1000,1000
IMU,104486600,0.008582531,-0.03919562,-0.1344251,0.2801111,-0.009776063,-9.55676,0,0,39.35841,1,1,1000,1000
IMU,104526777,0.03017547,0.02393557,-0.1030222,0.09318959,0.1136672,-9.671053,0,0,39.35564,1,1,1000,1000
IMU,104566779,0.01694398,0.009957096,-0.08004578,0.1697328,0.07531665,-9.718208,0,0,39.35293,1,1,1000,1000
IMU,104606580,0.00410013,-0.009489214,-0.05381992,0.1827942,0.1684347,-9.547886,0,0,39.35079,1,1,1000,1000
IMU,104646608,-0.01320962,0.03790085,-0.03771565,0.1751138,-0.06390178,-9.766541,0,0,39.34905,1,1,1000,1000
IMU,104686598,-0.002862388,-0.01189846,-0.024472,0.186545,0.05302015,-9.749988,0,0,39.34776,1,1,1000,1000
IMU,104726603,-0.006622795,-0.004445395,-0.00948673,0.1932456,0.2820086,-9.816388,0,0,39.34674,1,1,1000,1000
IMU,104766828,-0.007660347,-0.005616731,-0.007729345,0.2147241,-0.2583123,-9.674972,0,0,39.3459,1,1,1000,1000
IMU,104806566,0.003870029,0.02671198,0.002462876,0.1027693,0.2614768,-9.825748,0,0,39.34533,1,1,1000,1000
IMU,104846613,-0.002633723,-0.01232952,0.01092486,0.2271864,-0.1231491,-9.778404,0,0,39.34568,1,1,1000,1000
IMU,104886582,-0.01421095,0.01585532,0.01121502,0.1424646,0.2295304,-9.599976,0,0,39.34573,1,1,1000,1000
IMU,104927013,-0.02103558,-0.004968125,0.006158983,0.303086,-0.1271475,-9.870224,0,0,39.34558,1,1,1000,1000
IMU,104966802,0.001192195,-0.0008537385,0.007737501,0.1714631,0.02559702,-9.766579,0,0,39.3452,1,1,1000,1000
IMU,105006563,-0.005902125,-0.01480602,0.01283388,0.180296,0.1894509,-9.869818,0,0,39.34469,1,1,1000,1000
IMU,105046597,0.003574355,-0.04022181,0.01154927,0.3099105,-0.0847711,-9.754908,0,0,39.34383,1,1,1000,1000
IMU,105086730,-0.006272718,0.021287,0.01259433,0.1232284,0.2680896,-9.811065,0,0,39.34292,1,1,1000,1000
IMU,105126670,-0.01642382,-0.02043082,0.01510131,0.238153,-0.2932677,-9.836608,0,0,39.34172,1,1,1000,1000
IMU,105166784,-0.01149586,-0.0008330476,0.02265628,0.15941,0.4029886,-9.9143,0,0,39.33994,1,1,1000,1000
IMU,105206599,-0.02772179,-0.01987198,0.02132646,0.2654083,0.06044797,-9.731941,0,0,39.33796,1,1,1000,1000
IMU,105246642,-0.0005407159,0.012555,0.02605718,0.1493931,0.03900576,-9.75412,0,0,39.33668,1,1,1000,1000
IMU,105286614,-0.008585081,-0.003320835,0.01603318,0.2214777,-0.1977219,-10.05735,0,0,39.33416,1,1,1000,1000
IMU,105326579,-0.009892774,0.01086975,0.01644117,0.1722525,0.1286694,-9.872458,0,0,39.33166,1,1,1000,1000
IMU,105366787,-0.02329919,0.01155789,0.0193392,0.2334665,0.04881152,-9.954113,0,0,39.32828,1,1,1000,1000
IMU,105406576,0.005933551,-0.02258337,0.006022915,0.2043686,-0.004648101,-9.796585,0,0,39.32326,1,1,1000,1000
IMU,105446673,-0.009552169,0.01760493,0.00597399,0.2049711,0.207063,-9.872461,0,0,39.31757,1,1,1000,1000
IMU,105486602,-0.01333615,-0.0149937,0.0002207705,0.3053434,-0.4125147,-9.836512,0,0,39.3116,1,1,1000,1000
IMU,105526617,0.0005248378,0.02405304,0.003455214,0.08382884,0.3689663,-10.0299,0,0,39.30536,1,1,1000,1000
IMU,105566874,0.008898637,-0.02397391,0.0005633144,0.3074283,-0.108174,-9.765215,0,0,39.29895,1,1,1000,1000
IMU,105606583,0.004853038,0.03316834,0.007601274,0.1178939,0.1782109,-9.77261,0,0,39.29195,1,1,1000,1000
IMU,105646573,0.007565899,0.0002856536,0.0007133238,0.2485454,-0.16298,-9.793229,0,0,39.28403,1,1,1000,1000
IMU,105686604,0.007269551,0.008304702,0.0108126,0.1738761,0.1056107,-9.953086,0,0,39.27561,1,1,1000,1000
IMU,105726720,-0.01261015,-0.02112503,0.01305312,0.2564801,-0.09183221,-9.784304,0,0,39.26759,1,1,1000,1000
IMU,105766988,-0.0034594,0.001159023,0.01679738,0.1058334,0.3499485,-9.811964,0,0,39.26041,1,1,1000,1000
IMU,105806620,0.002387671,-0.01647031,0.01398773,0.3223375,-0.04724368,-10.01442,0,0,39.25365,1,1,1000,1000
IMU,105846803,0.008423021,-0.001879997,0.02045576,0.1031578,0.04050575,-9.812967,0,0,39.24794,1,1,1000,1000
IMU,105886608,-0.007010233,0.01977473,0.02710185,0.1830257,0.02108206,-9.957315,0,0,39.24264,1,1,1000,1000
IMU,105926635,0.01279655,-0.03440688,0.02675307,0.2485242,-0.06388745,-9.904518,0,0,39.23798,1,1,1000,1000
IMU,105966833,-0.005849459,0.008143641,0.03280447,0.1631975,0.4551386,-9.928932,0,0,39.23388,1,1,1000,1000
IMU,106006610,-0.0006687893,-0.02437352,0.03212571,0.2862189,-0.1677544,-9.680097,0,0,39.23026,1,1,1000,1000
IMU,106046558,0.0121951,0.0113317,0.03071921,0.1289471,0.3086402,-9.896559,0,0,39.22718,1,1,1000,1000
IMU,106086810,-0.008606315,-0.0143914,0.03281316,0.2635046,-0.1946901,-9.774447,0,0,39.22477,1,1,1000,1000
IMU,106126609,-0.002069688,0.02029518,0.04173464,0.1372493,0.1347538,-9.891309,0,0,39.22291,1,1,1000,1000
IMU,106166826,0.02626757,-0.01950085,0.03681146,0.2202258,-0.02618673,-9.821202,0,0,39.22156,1,1,1000,1000
IMU,106206569,0.01804829,0.007798594,0.04521222,0.09428285,0.4941895,-9.82452,0,0,39.22057,1,1,1000,1000
IMU,106246599,-0.0004024802,-0.01363708,0.04124358,0.2619754,-0.194626,-9.788732,0,0,39.22007,1,1,1000,1000
IMU,106287973,0.01328025,0.03641002,0.04220252,0.0936297,0.248087,-9.699616,0,0,39.21969,1,1,1000,1000
IMU,106327058,0.01057158,-0.00398449,0.04014086,0.2248683,-0.3127255,-9.854756,0,0,39.21925,1,1,1000,1000
IMU,106366826,-0.001206682,0.01859677,0.04812087,0.1020076,0.4402254,-9.790398,0,0,39.21906,1,1,1000,1000
IMU,106406599,-0.02069461,-0.01652074,0.04988806,0.2301947,-0.1832201,-9.723097,0,0,39.21881,1,1,1000,1000
IMU,106446710,-0.0009170669,0.0127129,0.05293178,0.005981763,0.5540309,-9.744183,0,0,39.2188,1,1,1000,1000
IMU,106486575,-0.01270499,-0.02626176,0.04842888,0.26976,-0.01625002,-9.703824,0,0,39.21878,1,1,1000,1000
IMU,106526680,-0.007512341,0.02274807,0.05262955,0.1046735,0.3453906,-9.794571,0,0,39.21893,1,1,1000,1000
IMU,106566979,-0.01200713,0.003959747,0.04583443,0.1660195,-0.03254662,-9.710382,0,0,39.21881,1,1,1000,1000
IMU,106606685,-0.009300574,0.02562481,0.05671442,0.007409437,0.2412812,-9.890203,0,0,39.21887,1,1,1000,1000
IMU,106646594,-0.007957145,-0.01980338,0.05016071,0.1665297,0.1164407,-9.79648,0,0,39.21886,1,1,1000,1000
IMU,106686706,-0.006181764,0.02240922,0.06230535,-0.03448141,0.6198089,-9.872995,0,0,39.21889,1,1,1000,1000
IMU,106726575,0.002160424,-0.01707105,0.06489141,0.1452896,0.1484005,-9.665757,0,0,39.21894,1,1,1000,1000
IMU,106766844,-0.023862,0.01055643,0.07772422,-0.0314875,0.596256,-9.786954,0,0,39.2189,1,1,1000,1000
IMU,106806702,-0.02056646,-0.05294928,0.08623301,0.1024876,0.1479697,-9.685631,0,0,39.21764,1,1,1000,1000
IMU,106846598,-0.0303533,-0.01465077,0.08795552,0.05241187,0.5808227,-9.823231,0,0,39.21685,1,1,1000,1000
IMU,106886634,-0.00692023,-0.0225148,0.08877049,0.01121423,0.3527635,-9.708568,0,0,39.21568,1,1,1000,1000
IMU,106926593,-0.02219719,0.00258757,0.07987075,0.09077106,0.1660513,-9.813442,0,0,39.21349,1,1,1000,1000
IMU,106966786,-0.01457907,0.007355981,0.07375021,-0.01947762,0.289508,-9.82689,0,0,39.21011,1,1,1000,1000
IMU,107006648,-0.02332339,-0.01115439,0.05116995,0.1775667,-0.03239063,-9.841068,0,0,39.20591,1,1,1000,1000
IMU,107046584,-0.01831598,0.02287533,0.03986312,0.03299738,0.4277982,-9.950051,0,0,39.20057,1,1,1000,1000
IMU,107086686,-0.003996546,-0.02931785,0.02179994,0.2358514,-0.2181045,-9.844098,0,0,39.19388,1,1,1000,1000
IMU,107126618,0.00619706,0.03335658,0.006832238,0.0156728,0.3257684,-9.922163,0,0,39.18694,1,1,1000,1000
IMU,107166799,0.008200554,-0.01944646,-0.006001899,0.2674996,-0.3107094,-9.788782,0,0,39.17974,1,1,1000,1000
IMU,107206572,-0.002954877,0.01741145,-0.02358825,0.06507602,0.2593173,-10.02132,0,0,39.17236,1,1,1000,1000
IMU,107246596,0.01234386,-0.01289933,-0.02952611,0.1269304,0.0344693,-9.963271,0,0,39.16477,1,1,1000,1000
IMU,107286607,0.007331869,0.003142084,-0.04030342,0.1752087,0.1053048,-10.02784,0,0,39.15674,1,1,1000,1000
IMU,107326622,-0.004341661,0.0003949385,-0.04298766,0.1003403,0.09538715,-9.881587,0,0,39.14824,1,1,1000,1000
IMU,107366802,0.004874336,-0.00179925,-0.04922111,0.1966121,-0.135609,-9.924667,0,0,39.14008,1,1,1000,1000
IMU,107406567,0.005567604,0.01148081,-0.04852844,-0.004755095,0.2946003,-9.873146,0,0,39.13207,1,1,1000,1000
IMU,107446578,0.0183836,-0.02393333,-0.05435031,0.2498809,-0.2192637,-9.914467,0,0,39.12451,1,1,1000,1000
IMU,107486579,0.01617124,0.01015728,-0.05316189,0.03916775,0.5711747,-9.878105,0,0,39.11746,1,1,1000,1000
IMU,107526573,0.008119369,-0.01642718,-0.05454794,0.2901704,-0.2219756,-9.817579,0,0,39.11123,1,1,1000,1000
IMU,107566787,0.01392596,0.01029701,-0.05068707,0.06315017,0.4412915,-9.876257,0,0,39.10579,1,1,1000,1000
IMU,107606604,0.0064048,-0.05364811,-0.05719416,0.2840208,-0.06479938,-9.764141,0,0,39.10127,1,1,1000,1000
IMU,107646679,-0.003392746,-0.01218574,-0.0564835,0.1581406,0.4091142,-9.808323,0,0,39.09772,1,1,1000,1000
IMU,107686584,0.008242871,-0.03295994,-0.05717869,0.2748865,-0.04380118,-9.616817,0,0,39.09423,1,1,1000,1000
IMU,107726561,0.0184796,0.02975054,-0.04973828,0.0725688,0.3691745,-9.705565,0,0,39.09129,1,1,1000,1000
IMU,107766986,0.01907992,-0.01390717,-0.05114397,0.2068743,-0.04942169,-9.693051,0,0,39.08868,1,1,1000,1000
IMU,107806612,0.01326437,0.02321297,-0.0493053,0.1482946,0.2537611,-9.845985,0,0,39.0864,1,1,1000,1000
IMU,107846596,0.01402032,-0.01394407,-0.05439382,0.1568497,-0.03262853,-9.712769,0,0,39.08475,1,1,1000,1000
IMU,107886608,0.02586509,0.01528889,-0.04249316,0.04798637,0.1395566,-9.900587,0,0,39.08386,1,1,1000,1000
IMU,107926626,0.03253336,-0.01814078,-0.0444335,0.1826223,-0.0225768,-9.871819,0,0,39.08315,1,1,1000,1000
IMU,107966810,0.04200853,0.01710353,-0.03205877,0.06120437,0.4391,-9.832577,0,0,39.0828,1,1,1000,1000
IMU,108006599,0.02724649,-0.008848749,-0.03171839,0.2328959,-0.0135171,-9.839994,0,0,39.08288,1,1,1000,1000
IMU,108046600,0.0178047,0.0117464,-0.02981655,0.04915983,0.4082032,-9.693822,0,0,39.08213,1,1,1000,1000
IMU,108086698,-0.00475991,-0.0136524,-0.03044953,0.2455091,0.01992905,-9.766942,0,0,39.07981,1,1,1000,1000
IMU,108126588,0.005555558,0.01536393,-0.02926467,0.0714374,0.3705598,-9.592758,0,0,39.07677,1,1,1000,1000
IMU,108166864,-0.02170844,0.00476204,-0.02183744,0.2241081,-0.1559967,-9.762297,0,0,39.07391,1,1,1000,1000
IMU,108206575,-0.01784515,-0.002043655,-0.02540394,0.07681017,0.05419175,-9.752722,0,0,39.07076,1,1,1000,1000
IMU,108246607,-0.02602904,0.01938288,-0.02822325,0.1805922,0.1460723,-9.956851,0,0,39.06692,1,1,1000,1000
IMU,108286614,-0.009191713,0.008506022,-0.02996577,0.1727117,-0.02164461,-9.792418,0,0,39.06217,1,1,1000,1000
IMU,108326601,-0.01188366,0.01724235,-0.03514067,0.1496933,0.2886823,-9.904352,0,0,39.05555,1,1,1000,1000
IMU,108366801,0.004221036,-0.02581277,-0.04186043,0.2301881,0.05723506,-9.6689,0,0,39.04816,1,1,1000,1000
IMU,108406607,-0.004767813,0.00995316,-0.04577477,0.1858164,0.4629555,-9.818297,0,0,39.04022,1,1,1000,1000
IMU,108446569,-0.006910677,-0.008155601,-0.05188002,0.2164437,-0.07493459,-9.764283,0,0,39.0328,1,1,1000,1000
IMU,108486602,0.01099437,0.02772612,-0.05021624,0.1075592,0.2655527,-10.07009,0,0,39.02608,1,1,1000,1000
IMU,108526706,0.01480813,0.00373541,-0.0598026,0.2250316,-0.06061554,-9.914718,0,0,39.01992,1,1,1000,1000
IMU,108566808,0.02162911,0.02711454,-0.05503032,0.12894,0.1410109,-9.880567,0,0,39.01336,1,1,1000,1000
IMU,108606613,0.01577858,0.01641395,-0.05867792,0.1839472,-0.2173885,-9.902591,0,0,39.00782,1,1,1000,1000
IMU,108646607,0.01067707,0.02638076,-0.05152819,0.0927936,0.3209201,-9.844102,0,0,39.00289,1,1,1000,1000
IMU,108686640,-0.0202858,0.03995369,-0.04462333,0.2028546,0.07574547,-9.911079,0,0,38.99859,1,1,1000,1000
IMU,108726588,0.0005867302,0.01974413,-0.04226544,0.1735629,0.1413994,-9.550859,0,0,38.99446,1,1,1000,1000
IMU,108766875,-0.01650449,0.01515051,-0.04129535,0.1698523,0.2036746,-9.790428,0,0,38.99079,1,1,1000,1000
IMU,108806605,0.01505167,0.01045939,-0.04327683,0.2223796,-0.1394512,-9.778734,0,0,38.98801,1,1,1000,1000
IMU,108846588,0.01634972,0.04958175,-0.04176336,0.07841417,0.2680024,-9.947962,0,0,38.98581,1,1,1000,1000
IMU,108886581,0.006216647,-0.008925829,-0.03436137,0.2414144,-0.1079407,-9.804406,0,0,38.98401,1,1,1000,1000
IMU,108926701,-0.003782031,0.01535893,-0.03018906,0.1170231,0.5258815,-9.834425,0,0,38.9823,1,1,1000,1000
IMU,108966804,-0.02346516,0.02109036,-0.03530664,0.2551278,0.08013989,-9.7617,0,0,38.98057,1,1,1000,1000
IMU,109006671,0.006106349,0.04141038,-0.03431709,0.2004929,0.01030714,-9.659707,0,0,38.97902,1,1,1000,1000
IMU,109046597,0.005895385,0.02265447,-0.03516465,0.1938328,0.06720425,-9.86519,0,0,38.97749,1,1,1000,1000
IMU,109086748,0.01888982,0.01218283,-0.03330725,0.1610091,0.1581481,-9.68749,0,0,38.9763,1,1,1000,1000
IMU,109126583,-0.007479679,0.006192107,-0.03226807,0.2659519,0.1667691,-9.884589,0,0,38.97527,1,1,1000,1000
IMU,109166819,0.01146232,-0.03562311,-0.03999427,0.224569,0.150097,-9.734525,0,0,38.97438,1,1,1000,1000
IMU,109206739,0.01220101,0.02183367,-0.03421088,0.1760375,0.3831283,-9.765421,0,0,38.97367,1,1,1000,1000
IMU,109246596,0.007839017,-0.0007465977,-0.03604757,0.2680387,-0.4227197,-9.880142,0,0,38.97301,1,1,1000,1000
IMU,109286622,0.01528098,0.002220187,-0.04118209,0.1040042,0.2320151,-9.947713,0,0,38.97239,1,1,1000,1000
IMU,109326602,0.01305371,-0.01160431,-0.04271145,0.1843607,0.127017,-10.02024,0,0,38.97172,1,1,1000,1000
IMU,109366815,0.01272455,-0.02476196,-0.04260061,0.2628977,-0.08092105,-9.787031,0,0,38.9707,1,1,1000,1000
IMU,109406594,0.005732229,-0.007785607,-0.04006283,0.173592,0.4046876,-9.846809,0,0,38.96919,1,1,1000,1000
IMU,109446569,-0.0005837909,-0.02649039,-0.04805696,0.2798347,-0.2466428,-9.757172,0,0,38.96703,1,1,1000,1000
IMU,109486626,-0.0004186348,0.01375985,-0.0392789,0.1401071,0.008778065,-9.84203,0,0,38.96538,1,1,1000,1000
IMU,109526676,0.00186993,-0.02031526,-0.04606491,0.2499053,0.08600533,-9.90687,0,0,38.96323,1,1,1000,1000
IMU,109566851,-0.02082602,-0.02075553,-0.04216304,0.191232,0.02504112,-9.740296,0,0,38.96093,1,1,1000,1000
IMU,109606583,-0.03077464,0.0214412,-0.03799384,0.196549,0.1545249,-9.86466,0,0,38.95822,1,1,1000,1000
IMU,109646577,-0.01015646,-0.00637951,-0.04330577,0.25923,-0.02795577,-9.77689,0,0,38.9549,1,1,1000,1000
IMU,109686585,-0.01392114,0.0215423,-0.0318228,0.1356793,0.08956078,-9.81311,0,0,38.95068,1,1,1000,1000
IMU,109726657,-0.01051197,-0.02242333,-0.02827373,0.2190374,-0.07295331,-9.915119,0,0,38.94606,1,1,1000,1000
IMU,109766999,-0.009347375,-0.03385005,-0.02828801,0.1869763,0.1980274,-9.757231,0,0,38.93996,1,1,1000,1000
IMU,109806617,-0.01684216,0.03798323,-0.02880973,0.1944298,0.1843974,-9.791918,0,0,38.93374,1,1,1000,1000
IMU,109846652,-0.01531598,-0.009961253,-0.03465671,0.2679296,-0.3068808,-9.775322,0,0,38.92666,1,1,1000,1000
IMU,109886582,-0.003532148,0.01118749,-0.02822395,0.1244914,0.2270132,-9.790762,0,0,38.91864,1,1,1000,1000
IMU,109926608,-0.001309211,-0.01620024,-0.02963301,0.163035,0.002116419,-9.878562,0,0,38.91079,1,1,1000,1000
IMU,109966774,-0.004734853,-0.02867487,-0.02860356,0.2943412,0.05958598,-9.741013,0,0,38.9029,1,1,1000,1000
IMU,110006595,-0.02227326,0.03533283,-0.02924206,0.182751,0.08768234,-9.86359,0,0,38.89471,1,1,1000,1000
IMU,110046703,-0.002452853,-0.006138665,-0.02802652,0.2528169,-0.07091773,-9.846239,0,0,38.88691,1,1,1000,1000
IMU,110086709,0.01523968,0.009585816,-0.01453779,0.1830572,0.1868729,-9.7604,0,0,38.87962,1,1,1000,1000
IMU,110126597,0.01593425,-0.0137736,-0.01225591,0.2283943,-0.006584985,-9.842159,0,0,38.87272,1,1,1000,1000
IMU,110167004,0.01544174,-0.01567913,-0.01949571,0.2501176,0.1010841,-9.722058,0,0,38.86671,1,1,1000,1000
IMU,110206660,-0.002767126,0.03149487,-0.008336272,0.1473858,0.1054301,-9.890404,0,0,38.86166,1,1,1000,1000
IMU,110246682,-0.01071468,-0.0160289,-0.01003802,0.2223897,-0.2011176,-9.956945,0,0,38.85744,1,1,1000,1000
IMU,110286696,0.007385708,0.006614024,0.0001020469,0.1240128,0.300062,-9.746843,0,0,38.85392,1,1,1000,1000
IMU,110326602,0.01466142,0.02401937,-0.007974649,0.193824,0.05640677,-9.868206,0,0,38.85125,1,1,1000,1000
IMU,110367194,0.00918516,-0.007283239,-0.009203525,0.338218,-0.1911363,-9.769622,0,0,38.84915,1,1,1000,1000
IMU,110406583,-0.003154652,0.0392105,-0.0078748,0.1551418,0.2153801,-9.877586,0,0,38.84755,1,1,1000,1000
IMU,110446847,0.0003274793,-0.01460159,-0.0154257,0.2250857,0.08379573,-9.82725,0,0,38.84636,1,1,1000,1000
IMU,110486596,0.01248399,0.01085966,-0.009793488,0.1758416,0.1158915,-9.660259,0,0,38.84525,1,1,1000,1000
IMU,110526596,0.02068475,0.02639561,-0.01641801,0.1852128,-0.06735677,-9.91431,0,0,38.84444,1,1,1000,1000
IMU,110566861,0.04102016,0.01721793,-0.01882475,0.2225962,0.1289777,-9.785788,0,0,38.84447,1,1,1000,1000
IMU,110606590,0.03878496,0.0503673,-0.01361201,0.2080672,0.2964953,-9.74404,0,0,38.84444,1,1,1000,1000
IMU,110646558,0.03096937,-0.01172969,-0.02035174,0.3299681,-0.1721501,-9.750041,0,0,38.84446,1,1,1000,1000
IMU,110686618,0.04908412,0.01978272,-0.02503373,0.1557334,0.0819589,-9.791389,0,0,38.84451,1,1,1000,1000
IMU,110726598,0.03652992,0.03967866,-0.02618773,0.1613699,0.2126876,-9.944736,0,0,38.84413,1,1,1000,1000
IMU,110766844,0.03001745,-0.006873773,-0.0309608,0.3158992,-0.0391265,-9.759541,0,0,38.84302,1,1,1000,1000
IMU,110806611,0.03255445,0.02975259,-0.03137843,0.1400675,0.1392363,-9.74217,0,0,38.84151,1,1,1000,1000
IMU,110846682,0.02431289,-0.003863931,-0.03994861,0.2249115,0.01805148,-9.892841,0,0,38.83947,1,1,1000,1000
IMU,110886597,0.03869144,-0.01035361,-0.04118866,0.2941048,0.09383961,-9.709227,0,0,38.8379,1,1,1000,1000
IMU,110926627,0.05201323,0.02859605,-0.04039519,0.2169674,0.1108427,-9.656567,0,0,38.83619,1,1,1000,1000
IMU,110966812,0.03856688,0.01708759,-0.05026682,0.2395473,0.005010825,-9.89252,0,0,38.83456,1,1,1000,1000
IMU,111006631,0.02223585,-0.01174521,-0.04847116,0.281485,0.09424688,-9.749542,0,0,38.83284,1,1,1000,1000
IMU,111046567,0.01463138,0.01243346,-0.04260945,0.2288404,0.09544215,-9.820795,0,0,38.83141,1,1,1000,1000
IMU,111086750,0.006553755,-0.01709463,-0.05568577,0.2406396,-0.1477831,-10.12446,0,0,38.82957,1,1,1000,1000
IMU,111126600,0.001210933,-0.03486267,-0.0484585,0.3074463,0.001540022,-9.879962,0,0,38.82624,1,1,1000,1000
IMU,111166777,0.007877526,0.008146259,-0.0456112,0.2036291,0.2921204,-9.778664,0,0,38.822,1,1,1000,1000
IMU,111206592,-0.01486278,0.01423428,-0.04293104,0.3016263,0.09051353,-9.97486,0,0,38.81607,1,1,1000,1000
IMU,111246655,0.004002503,-0.007267166,-0.04184985,0.3597012,-0.2197582,-9.843503,0,0,38.80911,1,1,1000,1000
IMU,111286702,0.01320701,-0.007106415,-0.03173736,0.2041993,0.2202855,-9.698909,0,0,38.80191,1,1,1000,1000
IMU,111326573,0.01215355,0.01873088,-0.03180145,0.1966558,0.2127838,-9.885283,0,0,38.79471,1,1,1000,1000
IMU,111366824,0.01288529,-0.01405981,-0.02716824,0.2995852,-0.2273653,-9.651792,0,0,38.78753,1,1,1000,1000
IMU,111406693,0.01637416,-0.00836693,-0.02133208,0.284426,0.08441789,-9.562999,0,0,38.78027,1,1,1000,1000
IMU,111446667,0.008133147,0.03392099,-0.01882191,0.1963529,0.0866717,-9.87993,0,0,38.77287,1,1,1000,1000
IMU,111486681,-0.007382298,-0.01610864,-0.0159558,0.2659935,0.04247731,-9.862628,0,0,38.76513,1,1,1000,1000
IMU,111526588,0.01427884,-0.01802189,-0.006460736,0.3019256,-0.07404375,-9.810934,0,0,38.75805,1,1,1000,1000
IMU,111567226,0.01606908,0.03094575,-0.003787575,0.2728049,0.1195777,-10.02435,0,0,38.75177,1,1,1000,1000
IMU,111606593,-0.01524131,-0.0003316388,-0.003231631,0.2897003,0.2254165,-10.05009,0,0,38.7455,1,1,1000,1000
IMU,111646664,0.001814159,0.004378136,-0.01126058,0.2994623,-0.10482,-9.891474,0,0,38.74018,1,1,1000,1000
IMU,111686615,0.002621552,0.01336388,-0.003798827,0.2308873,-0.09172848,-10.01849,0,0,38.73597,1,1,1000,1000
IMU,111726586,-0.01422463,-0.006887255,-0.005125611,0.3202781,0.2573406,-10.03783,0,0,38.73251,1,1,1000,1000
IMU,111767105,-0.006106255,-0.01564309,-0.01607591,0.3190297,-0.2402322,-10.06565,0,0,38.72953,1,1,1000,1000
IMU,111806607,0.004571842,-0.01618854,-0.02140872,0.3328877,-0.1770287,-9.979984,0,0,38.72713,1,1,1000,1000
IMU,111846618,0.007380888,-0.007366702,-0.02036976,0.222113,0.3683579,-9.941944,0,0,38.7252,1,1,1000,1000
IMU,111887036,-0.006864701,0.01045561,-0.01457088,0.2831694,-0.00220646,-9.939076,0,0,38.72366,1,1,1000,1000
IMU,111927024,-0.004942843,-0.008955179,-0.01460157,0.3462256,-0.2731659,-9.989284,0,0,38.72248,1,1,1000,1000
IMU,111967244,0.001082445,-0.005366995,-0.01301855,0.2718037,0.1247717,-9.707408,0,0,38.72136,1,1,1000,1000
IMU,112006677,-8.87788E-05,0.05923268,-0.02827675,0.1977106,0.105414,-9.846992,0,0,38.72069,1,1,1000,1000
IMU,112046571,-0.0110683,0.01843678,-0.0277408,0.3495475,-0.05625593,-9.889107,0,0,38.72011,1,1,1000,1000
IMU,112086689,0.004924323,0.006876972,-0.02495558,0.338679,-0.2213918,-9.618382,0,0,38.71891,1,1,1000,1000
IMU,112126593,0.01340994,0.01425842,-0.03080052,0.2567045,0.2624146,-9.893656,0,0,38.71731,1,1,1000,1000
IMU,112166810,-0.004076914,-0.01404358,-0.02851836,0.3078927,0.02474923,-9.683866,0,0,38.71556,1,1,1000,1000
IMU,112206670,0.003367908,0.003800694,-0.03192499,0.3158879,-0.2931768,-9.679686,0,0,38.71363,1,1,1000,1000
IMU,112246627,-0.01241072,0.01370873,-0.02390451,0.2535304,0.2611604,-9.612209,0,0,38.71156,1,1,1000,1000
IMU,112286621,-0.01113546,0.01050853,-0.02767595,0.3062623,-0.1967269,-9.686369,0,0,38.70892,1,1,1000,1000
IMU,112326583,-0.03423955,-0.02836569,-0.02306544,0.3126823,0.04290798,-9.609161,0,0,38.70642,1,1,1000,1000
IMU,112366793,-0.02687516,0.01761087,-0.024002,0.2507977,0.01914772,-9.647572,0,0,38.70392,1,1,1000,1000
IMU,112406591,-0.02833449,0.02206275,-0.02928192,0.3388413,-0.009379395,-10.01168,0,0,38.70078,1,1,1000,1000
IMU,112446647,-0.02108272,-0.01179733,-0.0286822,0.3771656,-0.1522231,-9.681717,0,0,38.69767,1,1,1000,1000
IMU,112486609,0.01319938,0.01126572,-0.03082914,0.2877565,-0.07901128,-9.795414,0,0,38.69368,1,1,1000,1000
IMU,112526572,-0.005097631,0.01308446,-0.0225499,0.243215,0.3382924,-9.813871,0,0,38.68861,1,1,1000,1000
IMU,112566783,-0.008758232,0.01568087,-0.02554295,0.268242,-0.3499227,-9.787525,0,0,38.68422,1,1,1000,1000
IMU,112606655,-0.01143779,-0.001709376,-0.01690846,0.3886006,-0.1957426,-9.888971,0,0,38.67879,1,1,1000,1000
IMU,112646612,-0.0167186,0.02361114,-0.005019228,0.242668,0.08575439,-9.713224,0,0,38.67414,1,1,1000,1000
IMU,112686644,-0.01252562,0.02597301,-0.01272392,0.3136911,-0.01005046,-9.940578,0,0,38.66879,1,1,1000,1000
IMU,112726607,-0.03224042,-0.006939921,0.0005358852,0.3390276,-0.0831439,-9.65508,0,0,38.66252,1,1,1000,1000
IMU,112766983,-0.02257224,0.01556502,0.01106862,0.2631039,-0.1371618,-9.840515,0,0,38.65489,1,1,1000,1000
IMU,112806609,-0.01734628,0.0009511265,0.0201945,0.2682928,0.05972384,-9.933107,0,0,38.64706,1,1,1000,1000
IMU,112846604,-0.03913708,-0.007633187,0.02229135,0.3515711,-0.4790478,-9.910198,0,0,38.63905,1,1,1000,1000
IMU,112886624,-0.04210421,0.003049273,0.03444586,0.3630858,-0.04954804,-9.898096,0,0,38.63119,1,1,1000,1000
IMU,112926604,-0.03680361,0.0116996,0.04507601,0.2474274,0.1533694,-9.789859,0,0,38.62379,1,1,1000,1000
IMU,112967040,-0.01359723,-0.02294798,0.04043478,0.3425376,-0.1795697,-9.983551,0,0,38.61646,1,1,1000,1000
IMU,113006580,-0.02545242,-0.01673437,0.05341463,0.3123619,-0.08032984,-9.736931,0,0,38.61024,1,1,1000,1000
IMU,113046570,-0.03266968,0.006744874,0.0572748,0.2908707,-0.01558192,-9.903642,0,0,38.60524,1,1,1000,1000
IMU,113086763,-0.01843352,-0.03637269,0.05669075,0.3513767,-0.1876906,-9.817115,0,0,38.6013,1,1,1000,1000
IMU,113126603,-0.006540107,-0.0235025,0.05660614,0.253798,-0.01114213,-9.729019,0,0,38.59775,1,1,1000,1000
IMU,113166787,-0.01065161,-0.001987839,0.0621169,0.2651424,0.11267,-10.05312,0,0,38.59407,1,1,1000,1000
IMU,113206569,-0.01319748,-0.0485966,0.06361446,0.4359007,-0.2766122,-9.725075,0,0,38.58916,1,1,1000,1000
IMU,113246601,0.00298925,-0.0291327,0.06879722,0.3204215,-0.07915324,-9.862028,0,0,38.5844,1,1,1000,1000
IMU,113286680,-0.007823437,-0.05118581,0.06394974,0.2740031,-0.009557225,-9.860874,0,0,38.57902,1,1,1000,1000
IMU,113326575,-0.01147822,-0.05120645,0.06035537,0.3286829,-0.1109995,-9.798785,0,0,38.57346,1,1,1000,1000
IMU,113366806,-0.0002738858,0.004729496,0.05851771,0.2965904,0.01079535,-9.858112,0,0,38.56778,1,1,1000,1000
IMU,113406970,-0.004831885,-0.05892628,0.05669299,0.3425687,-0.1457648,-9.82765,0,0,38.56163,1,1,1000,1000
IMU,113446571,0.006201315,-0.02001765,0.05022307,0.2632692,-0.149969,-9.762012,0,0,38.55484,1,1,1000,1000
IMU,113486605,-0.01659492,-0.01460269,0.05122363,0.2890625,0.1938515,-9.968088,0,0,38.54716,1,1,1000,1000
IMU,113526607,-0.01159618,-0.0555855,0.0449805,0.3723985,-0.2634343,-9.726135,0,0,38.53844,1,1,1000,1000
IMU,113566779,0.006304772,0.002239096,0.04318228,0.1976632,0.01095784,-9.882128,0,0,38.52919,1,1,1000,1000
IMU,113606611,-0.008818316,-0.02554829,0.03728268,0.3205848,0.06621872,-9.829101,0,0,38.52016,1,1,1000,1000
IMU,113646570,-0.001912634,0.01448316,0.03329129,0.2572456,-0.311089,-9.720532,0,0,38.51139,1,1,1000,1000
IMU,113686605,-0.02268297,0.01346346,0.03017491,0.3399049,0.1038306,-9.945587,0,0,38.50364,1,1,1000,1000
IMU,113726576,-0.01756821,-0.01397197,0.02281676,0.332109,-0.1419547,-9.583708,0,0,38.497,1,1,1000,1000
IMU,113766843,0.009937388,0.03077591,0.01701286,0.2751192,0.1356762,-9.856521,0,0,38.49109,1,1,1000,1000
IMU,113807075,0.01082604,-0.01445718,0.009841133,0.3666381,-0.2596943,-9.742291,0,0,38.48606,1,1,1000,1000
IMU,113846673,0.02195131,0.03293183,0.0001756986,0.2071415,0.01329602,-9.756001,0,0,38.48199,1,1,1000,1000
IMU,113886880,0.01023139,0.01286558,-0.005945674,0.326017,-0.01416662,-9.963713,0,0,38.47865,1,1,1000,1000
IMU,113926599,0.02704699,-0.009626815,-0.008070944,0.33853,-0.1204114,-9.651074,0,0,38.47598,1,1,1000,1000
IMU,113967288,0.02369855,0.03275325,-0.01588631,0.2794078,0.06416032,-9.965302,0,0,38.47401,1,1,1000,1000
IMU,114006586,0.01466246,0.004533654,-0.02462189,0.3162595,-0.07939023,-9.736008,0,0,38.47253,1,1,1000,1000
IMU,114046621,0.01695841,0.05157796,-0.02400728,0.2795305,0.1021737,-9.725832,0,0,38.47148,1,1,1000,1000
IMU,114086731,0.01947397,0.01624785,-0.02750424,0.3648714,-0.2343716,-9.895802,0,0,38.47048,1,1,1000,1000
IMU,114126635,0.01151151,0.01571171,-0.0320935,0.2549545,-0.02907241,-9.65825,0,0,38.46945,1,1,1000,1000
IMU,114166787,-0.01433991,0.05383253,-0.03557131,0.2948748,0.07058593,-9.949615,0,0,38.46881,1,1,1000,1000
IMU,114206577,-0.02208101,-0.008633294,-0.03200843,0.4340411,-0.2007373,-9.632432,0,0,38.46788,1,1,1000,1000
IMU,114246596,0.003527533,0.03438449,-0.03402147,0.2576536,0.0841089,-9.840047,0,0,38.46683,1,1,1000,1000
IMU,114286614,0.003005731,0.004320526,-0.03146496,0.3090801,-0.09490295,-9.61258,0,0,38.4657,1,1,1000,1000
IMU,114326662,0.01313919,0.02095117,-0.02841277,0.2724274,0.005624731,-9.619978,0,0,38.46511,1,1,1000,1000
IMU,114366811,0.01541244,-0.005716143,-0.02020089,0.357034,-0.0565937,-9.746857,0,0,38.46546,1,1,1000,1000
IMU,114406577,0.03909247,-0.02344024,-0.028188,0.3601467,-0.2394914,-9.733334,0,0,38.46508,1,1,1000,1000
IMU,114446609,0.02338464,0.01109385,-0.02230241,0.2646108,0.299051,-9.86956,0,0,38.46449,1,1,1000,1000
IMU,114486574,0.004590693,-0.03628866,-0.02882596,0.3532515,-0.1752386,-9.900501,0,0,38.46345,1,1,1000,1000
IMU,114526654,0.01340242,-0.0216817,-0.02619963,0.3333035,-0.1704057,-9.847573,0,0,38.46212,1,1,1000,1000
IMU,114566814,0.008982891,-0.009654501,-0.02372984,0.2807091,0.2325516,-9.869214,0,0,38.46051,1,1,1000,1000
IMU,114606597,0.007327442,-0.008169402,-0.02645874,0.3703458,-0.2143784,-9.737092,0,0,38.45908,1,1,1000,1000
IMU,114646609,0.02449594,0.006380259,-0.0114418,0.2798914,0.1447741,-9.63265,0,0,38.45693,1,1,1000,1000
IMU,114686602,0.02835403,0.004990038,-0.01242393,0.3295312,-0.08426357,-9.984182,0,0,38.45391,1,1,1000,1000
IMU,114726679,0.02734554,-0.0357706,-0.01371083,0.3731683,-0.1574414,-9.748039,0,0,38.45016,1,1,1000,1000
IMU,114767012,0.02991098,-0.0128518,-0.01582032,0.3027322,0.07705385,-9.729156,0,0,38.44673,1,1,1000,1000
IMU,114806625,0.02475921,0.01984313,-0.01490185,0.260251,0.2767483,-10.04804,0,0,38.44418,1,1,1000,1000
IMU,114846846,0.04053648,-0.01442078,-0.02638064,0.378166,-0.1923469,-9.850925,0,0,38.44093,1,1,1000,1000
IMU,114886685,0.05300701,0.02637977,-0.03108127,0.3256786,-0.1143347,-9.90394,0,0,38.43582,1,1,1000,1000
IMU,114926598,0.03492937,0.02225734,-0.03516826,0.2689357,0.2491913,-9.820473,0,0,38.43189,1,1,1000,1000
IMU,114966783,0.02496308,-0.01570356,-0.05177615,0.3550377,-0.1236362,-9.909758,0,0,38.42842,1,1,1000,1000
IMU,115006588,-0.006697869,-0.01456503,-0.04683515,0.3182116,-0.01516944,-9.722208,0,0,38.42364,1,1,1000,1000
IMU,115046606,-0.01434926,0.0245405,-0.05929364,0.242001,0.02230201,-9.914768,0,0,38.41916,1,1,1000,1000
IMU,115086732,-0.02507731,-0.01940433,-0.06118497,0.3671986,0.06699146,-9.842197,0,0,38.41423,1,1,1000,1000
IMU,115126581,-0.002706133,-0.007234661,-0.06713442,0.3237675,-0.2006745,-9.765468,0,0,38.40951,1,1,1000,1000
IMU,115166875,-0.01536376,-0.01306025,-0.04910819,0.2378488,0.4388192,-9.748957,0,0,38.40522,1,1,1000,1000
IMU,115206583,-0.01097616,-0.01243441,-0.03433587,0.3178384,-0.1208052,-9.84033,0,0,38.40008,1,1,1000,1000
IMU,115246604,0.003147859,-0.0396673,-0.02543693,0.3859747,-0.08742842,-9.859679,0,0,38.39433,1,1,1000,1000
IMU,115286631,0.008382739,0.008358536,-0.01552795,0.2755192,-0.1067548,-9.692585,0,0,38.38883,1,1,1000,1000
IMU,115326576,0.007878641,-0.006681605,-0.01315255,0.2930345,0.4586743,-9.93033,0,0,38.38299,1,1,1000,1000
IMU,115366807,0.003864533,-0.01253473,-0.01298237,0.2958887,-0.2441763,-9.755968,0,0,38.37772,1,1,1000,1000
IMU,115406614,-0.003171048,-0.03667365,-0.009473723,0.3758108,0.06991874,-9.861728,0,0,38.37275,1,1,1000,1000
IMU,115446576,-0.01220982,-0.001759848,-0.002954338,0.2763814,0.05667812,-9.783988,0,0,38.36836,1,1,1000,1000
IMU,115486669,-0.02563422,-0.02628185,-0.01350587,0.2848001,0.1135291,-10.18541,0,0,38.36484,1,1,1000,1000
IMU,115526608,-0.02577527,-0.04894084,-0.01351434,0.315097,0.08196452,-9.878947,0,0,38.36152,1,1,1000,1000
IMU,115566782,-0.01895569,-0.02465392,-0.007411372,0.311749,-0.05116246,-9.896688,0,0,38.35863,1,1,1000,1000
IMU,115606595,-0.03208277,-0.0169786,0.002560134,0.2382535,0.324349,-9.777633,0,0,38.35609,1,1,1000,1000
IMU,115646565,-0.02411996,-0.03162803,3.189058E-05,0.3329548,-0.07513282,-9.908094,0,0,38.35378,1,1,1000,1000
IMU,115687007,-0.0246565,-0.06133617,0.001946642,0.345082,0.02549808,-9.741711,0,0,38.35178,1,1,1000,1000
IMU,115726574,-0.01191203,-0.0189719,-0.000287798,0.2101179,0.005050559,-9.750587,0,0,38.35014,1,1,1000,1000
IMU,115766877,-0.02441402,-0.00588918,0.0005252941,0.2150301,0.4734448,-9.850393,0,0,38.34882,1,1,1000,1000
IMU,115806627,-0.04278,-0.02560122,-0.006853678,0.2938262,0.02454449,-9.781992,0,0,38.34756,1,1,1000,1000
IMU,115846601,-0.05434565,-0.03313262,-0.01127297,0.3403561,-0.1163185,-9.852926,0,0,38.34665,1,1,1000,1000
IMU,115886584,-0.04769592,-0.01377379,-0.0105172,0.1847795,0.2817751,-9.742227,0,0,38.34569,1,1,1000,1000
IMU,115926624,-0.05365159,0.01177905,-0.01933689,0.1568109,0.3209948,-9.943904,0,0,38.34484,1,1,1000,1000
IMU,115966770,-0.05644454,-0.02118471,-0.01904426,0.2086405,0.2023555,-9.804813,0,0,38.34442,1,1,1000,1000
IMU,116006629,-0.03531651,-0.002477602,-0.01375397,0.2386047,0.07127839,-9.682103,0,0,38.34377,1,1,1000,1000
IMU,116046574,-0.03322996,0.02746654,-0.004465245,0.2172599,0.3204567,-9.831869,0,0,38.34308,1,1,1000,1000
IMU,116086719,-0.05467117,0.01386531,-0.00535243,0.2273909,0.3405776,-9.937861,0,0,38.3418,1,1,1000,1000
IMU,116126613,-0.03856685,0.01114529,-0.007192058,0.2452327,-0.09948874,-9.828364,0,0,38.34141,1,1,1000,1000
IMU,116166794,-0.03843684,0.004457732,0.003652148,0.166783,0.4360925,-9.679239,0,0,38.3416,1,1,1000,1000
IMU,116206638,-0.02875701,0.0502521,0.007435995,0.1420903,0.6459852,-9.724425,0,0,38.34079,1,1,1000,1000
IMU,116246592,-0.01829849,0.03229802,0.01032893,0.1651146,0.5197989,-9.767211,0,0,38.33962,1,1,1000,1000
IMU,116286589,-0.02465673,-0.01095984,0.02584646,0.2653122,0.5400305,-9.538799,0,0,38.33814,1,1,1000,1000
IMU,116326579,-0.03688319,0.01266054,0.04955728,0.176051,0.5637869,-9.573149,0,0,38.33476,1,1,1000,1000
IMU,116366769,-0.05808519,-0.006701147,0.07519442,0.194645,0.8693137,-9.760241,0,0,38.33009,1,1,1000,1000
IMU,116406618,-0.06076369,-0.02586527,0.08624739,0.1883918,0.3973953,-9.881813,0,0,38.32496,1,1,1000,1000
IMU,116446660,-0.0256179,-0.01535391,0.09297198,0.2286008,0.05820483,-9.928511,0,0,38.31999,1,1,1000,1000
IMU,116486602,-0.0103709,0.009599289,0.1068701,0.1464395,0.5412914,-9.95665,0,0,38.31458,1,1,1000,1000
IMU,116526636,-0.01278855,0.01669597,0.1097266,0.1512284,0.4988038,-9.905543,0,0,38.30953,1,1,1000,1000
IMU,116566810,-0.01808292,-0.01052295,0.1088196,0.2485048,0.1249425,-9.956055,0,0,38.3038,1,1,1000,1000
IMU,116606634,-0.004287397,0.01765727,0.1108108,0.194666,0.08995119,-9.993689,0,0,38.29868,1,1,1000,1000
IMU,116646563,-0.01473151,0.01570562,0.1251712,0.1213046,0.5415723,-9.985081,0,0,38.29294,1,1,1000,1000
IMU,116686579,-0.01176935,0.01352172,0.1105207,0.2386897,0.3726145,-10.04233,0,0,38.28681,1,1,1000,1000
IMU,116727011,0.002285031,0.009204222,0.1077552,0.2996461,-0.173979,-9.849297,0,0,38.28087,1,1,1000,1000
IMU,116766859,0.0327745,0.03297921,0.1055565,0.1898972,0.2821984,-9.964592,0,0,38.27456,1,1,1000,1000
IMU,116806620,0.0264991,0.01597076,0.1028806,0.2021042,0.375206,-9.905557,0,0,38.26841,1,1,1000,1000
IMU,116846582,0.02496583,0.005769183,0.09321399,0.2605881,0.2440662,-9.746966,0,0,38.26229,1,1,1000,1000
IMU,116886593,0.03503009,0.03665052,0.08699354,0.1613132,0.3795514,-9.827074,0,0,38.25641,1,1,1000,1000
IMU,116926583,0.02604634,0.02481533,0.07536855,0.2498755,0.1471171,-10.05719,0,0,38.25109,1,1,1000,1000
IMU,116966812,0.006121514,-0.03484286,0.06222321,0.270368,0.1889989,-9.874085,0,0,38.24639,1,1,1000,1000
IMU,117006593,0.003752109,0.002970314,0.05789093,0.1523317,0.6534889,-9.780065,0,0,38.2423,1,1,1000,1000
IMU,117046642,0.005839787,0.00275532,0.05139742,0.1886463,0.1470199,-9.815254,0,0,38.23897,1,1,1000,1000
IMU,117086704,0.01457681,0.005336032,0.05151433,0.1970518,0.4053462,-9.806254,0,0,38.23581,1,1,1000,1000
IMU,117126578,0.002857394,0.03493401,0.06197207,0.1600795,0.7259467,-9.726392,0,0,38.23324,1,1,1000,1000
IMU,117166798,-0.006331326,0.01867929,0.06317645,0.2295191,0.2633919,-9.6975,0,0,38.23098,1,1,1000,1000
IMU,117206638,-0.01052753,0.01177432,0.06533331,0.2076642,0.3436212,-9.681187,0,0,38.22884,1,1,1000,1000
IMU,117246632,8.72756E-05,0.03341036,0.06245729,0.1568428,0.5199201,-9.932066,0,0,38.22676,1,1,1000,1000
IMU,117286681,0.009068943,0.01042114,0.05183768,0.2270927,0.1259065,-9.896082,0,0,38.22485,1,1,1000,1000
IMU,117326589,0.03013568,0.02708163,0.05081861,0.1114692,0.601015,-9.842068,0,0,38.22297,1,1,1000,1000
IMU,117366804,0.003400777,0.02778551,0.04698764,0.2357435,0.3557298,-9.909973,0,0,38.22039,1,1,1000,1000
IMU,117406775,-0.00156832,0.02519501,0.0393713,0.3101344,-0.02672224,-9.781265,0,0,38.21851,1,1,1000,1000
IMU,117447217,0.0221863,0.03461568,0.03400803,0.1640013,0.451088,-10.00416,0,0,38.21655,1,1,1000,1000
IMU,117486582,0.0184171,-0.02049111,0.02712152,0.2738478,0.1223328,-9.909559,0,0,38.2142,1,1,1000,1000
IMU,117526586,0.01786976,0.0132716,0.03478457,0.1008763,0.4428297,-9.774712,0,0,38.21139,1,1,1000,1000
IMU,117567245,0.01161603,0.003482958,0.03436115,0.2609561,0.1350919,-9.887711,0,0,38.20888,1,1,1000,1000
IMU,117606606,0.02546259,-0.002494753,0.02785817,0.2524727,-0.02250032,-9.874921,0,0,38.20692,1,1,1000,1000
IMU,117647573,0.03489771,0.005804491,0.02495335,0.2004962,0.3703466,-9.93602,0,0,38.20546,1,1,1000,1000
IMU,117687207,0.02081646,-0.03977406,0.01964466,0.2355808,0.1196998,-9.803063,0,0,38.20432,1,1,1000,1000
IMU,117726667,0.005957543,-0.002814778,0.02155475,0.200147,0.4668595,-9.732188,0,0,38.20348,1,1,1000,1000
IMU,117766859,0.001724474,-0.007918663,0.0168631,0.3263698,-0.1824862,-9.806128,0,0,38.20119,1,1,1000,1000
IMU,117806599,0.03628419,-0.01435871,0.01690499,0.1423464,0.09569571,-9.870806,0,0,38.19825,1,1,1000,1000
IMU,117846597,0.01578402,-0.02797742,0.01459358,0.225104,0.4860555,-9.988864,0,0,38.19488,1,1,1000,1000
IMU,117886574,0.01324411,-0.04181308,0.01525177,0.2943064,0.06542325,-9.707785,0,0,38.19141,1,1,1000,1000
IMU,117926708,-0.007913584,0.002087433,0.01514351,0.181438,0.2324024,-9.927334,0,0,38.18785,1,1,1000,1000
IMU,117966834,-0.001318761,-0.03086692,0.007490742,0.306284,-0.04820317,-9.868168,0,0,38.18254,1,1,1000,1000
IMU,118006611,0.03241974,0.007200445,0.0140131,0.1358092,0.4698112,-9.676539,0,0,38.17707,1,1,1000,1000
IMU,118046582,0.02138637,-0.02750435,0.008299082,0.3146266,0.02859222,-9.654778,0,0,38.17107,1,1,1000,1000
IMU,118086666,0.02743192,-0.0005597482,0.01040372,0.1243025,0.1670511,-9.693107,0,0,38.1645,1,1,1000,1000
IMU,118126596,0.01528091,-0.0009713662,0.006643702,0.2323741,0.004852955,-9.780944,0,0,38.15825,1,1,1000,1000
IMU,118166815,0.01697527,-0.01999165,0.0132756,0.1647275,0.2904665,-9.742769,0,0,38.15205,1,1,1000,1000
IMU,118206593,-0.002242007,-0.0001358742,0.0163002,0.2317905,0.01312555,-9.872156,0,0,38.14563,1,1,1000,1000
IMU,118246604,0.01455276,-0.004892603,0.01003056,0.1421758,-0.03547677,-9.836561,0,0,38.13984,1,1,1000,1000
IMU,118286616,0.009275173,0.0025373,0.009643003,0.2302699,0.4082911,-9.956505,0,0,38.13415,1,1,1000,1000
IMU,118326681,0.02507208,-0.03746994,0.01043743,0.3054841,-0.1032036,-9.742914,0,0,38.12944,1,1,1000,1000
IMU,118366819,0.001437604,-0.007532852,0.004198611,0.1297538,0.373452,-9.928886,0,0,38.12489,1,1,1000,1000
IMU,118406655,0.00629402,-0.02107262,-0.0004731737,0.2297409,-0.143373,-9.839941,0,0,38.12035,1,1,1000,1000
IMU,118446574,0.003103395,0.01946976,0.00550834,0.1424888,0.319456,-9.908236,0,0,38.11616,1,1,1000,1000
IMU,118486583,-0.0008477177,-0.01980053,-0.008494499,0.29792,0.001798276,-9.717672,0,0,38.11237,1,1,1000,1000
IMU,118526575,0.0003925007,0.0308197,-0.005588405,0.1367504,0.260633,-9.769817,0,0,38.10927,1,1,1000,1000
IMU,118566766,-0.01524584,-0.014418,-0.004432926,0.3123632,-0.1807288,-9.838907,0,0,38.10668,1,1,1000,1000
IMU,118607013,-0.02200941,0.007851394,0.004790104,0.1294424,0.5176035,-9.793212,0,0,38.10448,1,1,1000,1000
IMU,118646617,-0.02526923,-0.01388015,0.005297986,0.2421441,-0.1630472,-9.717731,0,0,38.10278,1,1,1000,1000
IMU,118686578,-0.004192392,-0.007233815,0.006316001,0.1512825,0.05682969,-9.800807,0,0,38.10136,1,1,1000,1000
IMU,118726591,-0.009258015,-0.01870281,0.002064317,0.215487,-0.03510106,-9.771349,0,0,38.10024,1,1,1000,1000
IMU,118766838,-0.02480569,-0.01417779,-0.006030683,0.1223585,0.2354204,-9.622704,0,0,38.09954,1,1,1000,1000
IMU,118806601,-0.02973999,-0.01174887,-0.01529266,0.2862324,-0.08513603,-9.834947,0,0,38.09906,1,1,1000,1000
IMU,118846577,-0.0005265897,-0.01438313,-0.01841781,0.1304921,-0.02545659,-9.803946,0,0,38.09886,1,1,1000,1000
IMU,118886606,0.002722142,-0.03681656,-0.02518491,0.1802043,0.2815355,-9.90505,0,0,38.09872,1,1,1000,1000
IMU,118927135,0.02236469,-0.01811496,-0.02015744,0.1240046,-0.02014372,-9.658373,0,0,38.09879,1,1,1000,1000
IMU,118966789,0.02322021,0.01017057,-0.02435693,0.221703,0.006722013,-9.921076,0,0,38.09869,1,1,1000,1000
IMU,119006595,0.0004495977,-0.02896501,-0.03223481,0.2557669,-0.01380608,-9.777361,0,0,38.09867,1,1,1000,1000
IMU,119046579,-0.007489607,0.009116119,-0.0234574,0.1751231,0.3476022,-9.776062,0,0,38.09782,1,1,1000,1000
IMU,119086581,-0.03881351,-0.0393366,-0.03839072,0.3375603,-0.2788461,-9.760672,0,0,38.09653,1,1,1000,1000
IMU,119126612,-0.04577574,0.01299863,-0.0401701,0.07348157,0.1348522,-9.801186,0,0,38.09529,1,1,1000,1000
IMU,119166843,-0.05562517,-0.03576081,-0.04865064,0.2517545,0.01453889,-9.854353,0,0,38.09315,1,1,1000,1000
IMU,119206568,-0.04723329,-0.01723635,-0.04771459,0.1638011,0.1319124,-9.63192,0,0,38.09025,1,1,1000,1000
IMU,119246636,-0.03684816,-0.01961464,-0.06224563,0.2298298,-0.09535419,-9.867239,0,0,38.0876,1,1,1000,1000
IMU,119286638,-0.01367478,-0.01216006,-0.07231008,0.1767687,0.08060162,-9.721591,0,0,38.08466,1,1,1000,1000
IMU,119326582,-0.004715529,-0.02275459,-0.07551167,0.1590792,0.290483,-9.977814,0,0,38.08121,1,1,1000,1000
IMU,119366807,-0.001594413,-0.03953574,-0.08145313,0.2733577,-0.05818761,-9.867276,0,0,38.07671,1,1,1000,1000
IMU,119406574,-0.007011095,0.02321439,-0.07439429,0.1142092,0.1131386,-9.961279,0,0,38.07213,1,1,1000,1000
IMU,119447038,-0.0103808,-0.01399982,-0.07441889,0.2392285,-0.009919576,-10.01902,0,0,38.06695,1,1,1000,1000
IMU,119486570,0.01746799,-0.005609174,-0.06084602,0.1566708,0.1431177,-9.705469,0,0,38.06232,1,1,1000,1000
IMU,119526585,0.02457158,0.01764921,-0.04999002,0.2606111,0.1867967,-9.899717,0,0,38.05654,1,1,1000,1000
IMU,119566778,0.02384101,0.01284122,-0.04556964,0.2429851,-0.2600444,-9.808908,0,0,38.04948,1,1,1000,1000
IMU,119606649,0.01651125,0.02347286,-0.03129815,0.1013207,0.5847289,-9.865562,0,0,38.04125,1,1,1000,1000
IMU,119646734,0.001078036,0.01547088,-0.01760449,0.2259039,0.004857715,-9.713636,0,0,38.03381,1,1,1000,1000
IMU,119687150,0.02293233,-0.007026882,-0.002484357,0.2621943,0.006648593,-9.731312,0,0,38.02695,1,1,1000,1000
IMU,119727112,0.02871507,0.02618703,0.02349187,0.09978615,0.4691601,-9.77813,0,0,38.02021,1,1,1000,1000
IMU,119767383,0.0141506,-0.01049679,0.0390158,0.1362095,0.661908,-9.633501,0,0,38.01415,1,1,1000,1000
IMU,119807124,0.02022002,0.02183094,0.06713422,-0.07308359,1.084738,-9.312431,0,0,38.00829,1,1,1000,1000
IMU,119847168,0.0108845,0.01639932,0.1044212,-0.03378909,1.244868,-9.721445,0,0,38.00267,1,1,1000,1000
IMU,119887103,-0.03216139,-0.05726863,0.1297781,0.159689,0.6166267,-9.877867,0,0,37.99768,1,1,1000,1000
IMU,119927133,-0.0194978,-0.01803002,0.1512128,0.05687258,0.4741318,-10.06919,0,0,37.99323,1,1,1000,1000
IMU,119967439,-0.03991989,-0.01800385,0.147504,0.1614296,0.4619556,-10.23807,0,0,37.9889,1,1,1000,1000
IMU,120007111,-0.03473714,-0.03552897,0.1463596,0.2545149,0.06524754,-10.04184,0,0,37.98482,1,1,1000,1000
IMU,120047132,-0.02252121,0.01287457,0.1537532,0.1360785,0.2163726,-9.971475,0,0,37.9815,1,1,1000,1000
IMU,120087120,-0.009758846,-0.008920958,0.1377717,0.1858658,-0.02883761,-10.16636,0,0,37.97886,1,1,1000,1000
IMU,120127264,-0.001856503,0.01739262,0.1318778,0.08120976,0.2369531,-9.934364,0,0,37.97646,1,1,1000,1000
IMU,120167342,-0.010378,0.03879126,0.1208328,0.1593173,0.191676,-10.15977,0,0,37.97457,1,1,1000,1000
IMU,120207143,-0.002086053,-0.002388691,0.1128613,0.1841858,-0.07097387,-10.04039,0,0,37.97318,1,1,1000,1000
IMU,120247118,0.009316805,0.03061135,0.1100424,0.1684975,0.5004662,-10.13201,0,0,37.9723,1,1,1000,1000
IMU,120287121,0.01973075,0.01112485,0.1005247,0.2217124,-0.001544309,-9.95245,0,0,37.97156,1,1,1000,1000
IMU,120327145,0.003867097,0.04678813,0.09801795,0.1313798,0.2775442,-10.14315,0,0,37.97103,1,1,1000,1000
IMU,120367357,0.006691352,0.02592519,0.07692617,0.2747614,-0.02039554,-9.959886,0,0,37.97117,1,1,1000,1000
IMU,120407107,0.01611288,0.06655214,0.07316545,0.09187132,0.34083,-10.02211,0,0,37.97068,1,1,1000,1000
IMU,120447097,0.01635015,0.02984666,0.06398949,0.1883442,-0.2675543,-9.921594,0,0,37.96965,1,1,1000,1000
IMU,120487261,0.0158045,0.03945304,0.05441958,0.2140099,0.1743289,-9.955743,0,0,37.96867,1,1,1000,1000
IMU,120527156,0.01667845,0.03727496,0.05696573,0.02961137,0.3233644,-9.679352,0,0,37.96696,1,1,1000,1000
IMU,120567351,0.00281551,0.03435882,0.04605002,0.2273915,0.007904412,-9.702638,0,0,37.9649,1,1,1000,1000
IMU,120607140,0.02687827,0.03501458,0.03529818,0.03169309,0.6239453,-9.596866,0,0,37.96136,1,1,1000,1000
IMU,120647105,0.01229807,0.02298088,0.02135801,0.3184168,-0.1720443,-9.672426,0,0,37.95707,1,1,1000,1000
IMU,120687140,0.02699484,0.07987892,0.02359613,-0.01210015,0.4330368,-9.784098,0,0,37.9519,1,1,1000,1000
IMU,120727117,0.03815517,0.01282885,0.02348805,0.1555225,0.1383395,-9.659456,0,0,37.94653,1,1,1000,1000
IMU,120767381,0.01623816,0.006990373,0.02784801,0.2312794,0.2772253,-9.731028,0,0,37.94075,1,1,1000,1000
IMU,120807204,0.03330432,0.02644524,0.02307212,0.004461238,0.7001796,-9.599539,0,0,37.93488,1,1,1000,1000
IMU,120847119,0.04050021,-0.01774096,0.01446118,0.2966008,-0.1216524,-9.665272,0,0,37.92818,1,1,1000,1000
IMU,120887116,0.05290586,0.0164683,0.01163316,0.05861276,0.5339803,-9.808382,0,0,37.92068,1,1,1000,1000
IMU,120927113,0.04249862,-0.02083588,0.004412338,0.2238236,-0.02450509,-9.752928,0,0,37.91223,1,1,1000,1000
IMU,120967304,0.0284544,0.004562944,0.01203082,0.1823084,0.2958833,-9.843394,0,0,37.90422,1,1,1000,1000
IMU,121007102,0.02830559,-0.04166745,0.003152831,0.09032967,0.2402994,-9.643396,0,0,37.89668,1,1,1000,1000
IMU,121047124,0.002305889,-0.02759223,0.001852331,0.2593436,0.1714963,-9.826417,0,0,37.88958,1,1,1000,1000
IMU,121087110,0.03050944,0.002637379,0.005457627,0.01804616,0.2743554,-9.747542,0,0,37.88288,1,1,1000,1000
IMU,121127118,0.08207224,0.007588364,-0.002910604,0.2217898,-0.2615933,-9.894587,0,0,37.87696,1,1,1000,1000
IMU,121167337,0.1100166,0.03502231,0.001600943,0.06712104,0.4156674,-9.932804,0,0,37.87177,1,1,1000,1000
IMU,121207089,0.08842339,0.01096097,0.001258296,0.2667255,0.02552023,-9.791415,0,0,37.867,1,1,1000,1000
IMU,121247115,0.06406641,0.05696881,0.01144736,0.1667229,0.2313851,-9.895052,0,0,37.86303,1,1,1000,1000
IMU,121287138,0.05673966,0.02322692,0.007825189,0.2064835,-0.1406524,-9.799993,0,0,37.85992,1,1,1000,1000
IMU,121327286,0.04577671,0.006692884,0.006565662,0.2955108,0.04180022,-10.00911,0,0,37.8573,1,1,1000,1000
IMU,121367326,0.07109912,0.002033197,0.0001277296,0.05944179,0.3759412,-9.800421,0,0,37.85504,1,1,1000,1000
IMU,121407103,0.06641327,0.01638207,-0.009631207,0.2976802,-0.2450098,-9.830379,0,0,37.85328,1,1,1000,1000
IMU,121447101,0.0774866,0.01203425,-0.01581169,0.02455102,0.2705292,-9.871937,0,0,37.852,1,1,1000,1000
IMU,121487102,0.04804721,-0.05356622,-0.03029138,0.3218004,-0.1922266,-9.841715,0,0,37.85119,1,1,1000,1000
IMU,121527145,0.04189245,0.005701854,-0.03662898,0.08679074,0.3954981,-9.910147,0,0,37.85077,1,1,1000,1000
IMU,121567491,0.04816106,-0.02447888,-0.04695338,0.2501878,-0.3328525,-9.742432,0,0,37.85016,1,1,1000,1000
IMU,121607118,0.04064362,0.001281201,-0.05199718,0.08897044,0.2974766,-9.952085,0,0,37.84918,1,1,1000,1000
IMU,121647119,0.03947103,-0.03450356,-0.05520542,0.2555519,0.0004083794,-9.669116,0,0,37.84846,1,1,1000,1000
IMU,121687110,0.01538808,-0.00610526,-0.06009643,0.1903521,0.09309793,-9.867405,0,0,37.8475,1,1,1000,1000
IMU,121727138,-0.006504924,-0.05351491,-0.05908607,0.2076941,-0.1354361,-9.739239,0,0,37.84677,1,1,1000,1000
IMU,121767758,-0.03354048,-0.07013109,-0.07462485,0.1725866,0.06899311,-9.771434,0,0,37.84591,1,1,1000,1000
IMU,121807133,-0.04824081,-0.05667967,-0.07593191,0.1953327,-0.0220746,-9.68953,0,0,37.84471,1,1,1000,1000
IMU,121847228,-0.09036201,-0.00662672,-0.07892027,0.1836211,-0.1969559,-9.891926,0,0,37.84311,1,1,1000,1000
IMU,121887121,-0.09486686,-0.01176424,-0.08133034,0.1117448,0.07158639,-9.736694,0,0,37.84017,1,1,1000,1000
IMU,121927140,-0.1200727,-0.02231192,-0.08695313,0.3023992,-0.1067311,-9.747813,0,0,37.83628,1,1,1000,1000
IMU,121967315,-0.08046681,0.003406883,-0.08752838,0.1077173,0.02678936,-9.683415,0,0,37.8326,1,1,1000,1000
IMU,122007131,-0.0559172,-0.03927929,-0.09666349,0.3184687,-0.4027138,-9.936193,0,0,37.82814,1,1,1000,1000
IMU,122047275,-0.04220981,-0.04429911,-0.1023423,0.1601648,0.3584962,-9.746658,0,0,37.82371,1,1,1000,1000
IMU,122087117,-0.0720838,-0.03503941,-0.1122692,0.3402392,-0.3628208,-9.730494,0,0,37.81891,1,1,1000,1000
IMU,122127149,-0.08015026,-0.03916237,-0.1156956,0.1554589,-0.05513107,-9.819798,0,0,37.81339,1,1,1000,1000
IMU,122167382,-0.07431981,-0.04441098,-0.1285562,0.2243196,-0.1513977,-9.972692,0,0,37.80733,1,1,1000,1000
IMU,122207109,-0.05502443,-0.03493001,-0.1323268,0.2270341,-0.07690478,-9.778356,0,0,37.80123,1,1,1000,1000
IMU,122247105,-0.04406441,-0.006158258,-0.142144,0.2490722,-0.07100752,-9.924081,0,0,37.79541,1,1,1000,1000
IMU,122287110,-0.01640172,0.003210694,-0.1402153,0.2231608,-0.2167946,-9.837859,0,0,37.78875,1,1,1000,1000
IMU,122327224,-0.03775971,0.01872235,-0.1380082,0.2505666,0.1401017,-9.968901,0,0,37.78155,1,1,1000,1000
IMU,122367555,-0.02715718,0.02848103,-0.1483462,0.250814,-0.2648801,-9.775633,0,0,37.77411,1,1,1000,1000
IMU,122407109,-0.0002353278,0.05342147,-0.1412695,0.1671301,0.07319814,-9.851986,0,0,37.76631,1,1,1000,1000
IMU,122447106,-0.01593721,0.04528243,-0.1408229,0.3176506,-0.13998,-9.859464,0,0,37.75963,1,1,1000,1000
IMU,122487130,-0.01961108,0.05164292,-0.1297587,0.2889547,-0.2579579,-9.652937,0,0,37.75338,1,1,1000,1000
IMU,122527288,-0.05750534,0.06883978,-0.1198816,0.2751245,-0.07078505,-10.00132,0,0,37.74781,1,1,1000,1000
IMU,122567335,-0.06661838,0.03479678,-0.1073988,0.3008276,-0.195377,-9.773325,0,0,37.74292,1,1,1000,1000
IMU,122607116,-0.07595776,0.06589715,-0.08624119,0.2626744,0.2109668,-9.82263,0,0,37.73901,1,1,1000,1000
IMU,122647097,-0.06512207,0.0470415,-0.0675041,0.3545263,-0.3821112,-9.990858,0,0,37.73555,1,1,1000,1000
IMU,122687120,-0.02404487,0.01371112,-0.03745545,0.2992939,-0.06743311,-9.87429,0,0,37.73253,1,1,1000,1000
IMU,122727112,-0.02666622,0.03402457,-0.01106952,0.3206948,-0.04468634,-9.881764,0,0,37.73002,1,1,1000,1000
IMU,122767375,0.004645826,-0.001364341,0.003088645,0.3109815,-0.3462426,-9.901209,0,0,37.72762,1,1,1000,1000
IMU,122807141,0.01955817,0.00710995,0.03078413,0.2185795,0.2632976,-9.742303,0,0,37.72511,1,1,1000,1000
IMU,122847134,0.01798341,0.0176952,0.03871234,0.2702065,-0.2484509,-9.851967,0,0,37.72227,1,1,1000,1000
IMU,122887139,0.01137187,-0.03601886,0.04897388,0.3871845,-0.2157267,-9.879934,0,0,37.71984,1,1,1000,1000
IMU,122927143,0.0019052,-0.03095599,0.05901496,0.2819209,0.03255852,-9.859468,0,0,37.71772,1,1,1000,1000
IMU,122967319,-0.00668309,-0.07333562,0.05027781,0.3728191,-0.2968236,-9.88789,0,0,37.71527,1,1,1000,1000
IMU,123007164,-0.008241367,-0.01097895,0.05312187,0.1683186,0.03736862,-9.937294,0,0,37.71224,1,1,1000,1000
IMU,123047141,-0.01721716,-0.02660778,0.0495822,0.2595113,0.003174672,-10.07143,0,0,37.7091,1,1,1000,1000
IMU,123087111,-0.003004945,-0.05793357,0.05209689,0.3441071,-0.107455,-9.846923,0,0,37.70547,1,1,1000,1000
IMU,123127126,0.001322876,-0.006949091,0.05714193,0.213681,-0.06016905,-9.936787,0,0,37.70071,1,1,1000,1000
IMU,123167312,-0.01307978,-0.0420705,0.0476859,0.3115198,-0.3296488,-10.02674,0,0,37.6962,1,1,1000,1000
IMU,123207418,-0.004837207,-0.01165237,0.05604361,0.1975077,0.1151799,-9.83337,0,0,37.69025,1,1,1000,1000
IMU,123247122,-0.01172059,-0.03481609,0.04217431,0.3092243,0.01566618,-10.03876,0,0,37.68342,1,1,1000,1000
IMU,123287113,0.0271034,-0.0202802,0.04100252,0.2789812,-0.2693899,-9.878922,0,0,37.67694,1,1,1000,1000
IMU,123327106,0.04716273,0.01162664,0.03590542,0.2117426,-0.04965244,-10.13102,0,0,37.66945,1,1,1000,1000
IMU,123367346,0.04173233,-0.03550933,0.02631231,0.3327291,-0.05627494,-9.78843,0,0,37.6621,1,1,1000,1000
IMU,123407099,0.02552752,0.01134043,0.02708161,0.1910479,0.1488347,-9.798933,0,0,37.65545,1,1,1000,1000
IMU,123447117,0.02149653,-0.007242825,0.01746754,0.3540831,-0.3811301,-9.91355,0,0,37.64919,1,1,1000,1000
IMU,123487282,0.03387994,0.02928581,0.02314782,0.1708973,0.2001441,-9.857094,0,0,37.64246,1,1,1000,1000
IMU,123527132,0.04537367,0.003761198,0.02036841,0.2979064,0.0816706,-9.84299,0,0,37.63573,1,1,1000,1000
IMU,123567326,0.03725324,-0.003709394,0.025437,0.2871348,-0.2065628,-9.772108,0,0,37.62939,1,1,1000,1000
IMU,123607125,0.006677329,0.03763768,0.03033065,0.2984782,-0.1559114,-9.981382,0,0,37.62367,1,1,1000,1000
IMU,123647109,-0.008002422,-0.02982751,0.03179743,0.3208785,-0.09925803,-9.856115,0,0,37.61918,1,1,1000,1000
IMU,123687116,-0.01736645,0.02728354,0.04025498,0.2293903,0.2890178,-9.770803,0,0,37.6156,1,1,1000,1000
IMU,123727132,-0.005497427,-0.01173195,0.03968592,0.2960489,-0.4092941,-9.788092,0,0,37.61257,1,1,1000,1000
IMU,123767390,0.01900488,0.0286956,0.05372894,0.20926,0.1557511,-9.825816,0,0,37.60984,1,1,1000,1000
IMU,123807130,0.01006261,-0.005057666,0.05730589,0.325933,-0.1827778,-9.598004,0,0,37.60748,1,1,1000,1000
IMU,123847168,0.007070774,0.0266709,0.06679974,0.2472964,0.2415581,-9.648586,0,0,37.60549,1,1,1000,1000
IMU,123887124,-0.001552425,0.003554865,0.06835462,0.3757354,-0.5224532,-9.815916,0,0,37.60405,1,1,1000,1000
IMU,123927115,0.002383786,0.005680986,0.08187348,0.2043839,0.2491312,-9.800241,0,0,37.6029,1,1,1000,1000
IMU,123967323,-0.005217023,-0.0254537,0.07542393,0.347973,-0.08427113,-9.761521,0,0,37.60212,1,1,1000,1000
IMU,124007140,-0.0003593979,0.005609807,0.08034712,0.142878,-0.02738605,-9.78476,0,0,37.60151,1,1,1000,1000
IMU,124047164,-0.008959338,-0.02135599,0.07786955,0.375968,-0.3161778,-9.902739,0,0,37.6015,1,1,1000,1000
IMU,124087162,0.002269061,0.007125298,0.08363841,0.164693,0.1928337,-9.791777,0,0,37.6015,1,1,1000,1000
IMU,124127099,0.002649513,-0.02843527,0.07785264,0.2862982,-0.1171302,-9.806964,0,0,37.6015,1,1,1000,1000
IMU,124167323,0.03133952,-0.01907453,0.07489172,0.227187,0.1872245,-9.792528,0,0,37.6015,1,1,1000,1000
IMU,124207119,0.03027048,-0.007226691,0.06417327,0.2645929,-0.2789382,-9.848064,0,0,37.60125,1,1,1000,1000
IMU,124247338,0.03008071,-0.003411497,0.06559798,0.1798466,0.0994169,-9.846009,0,0,37.6007,1,1,1000,1000
IMU,124287112,0.02840532,-0.04700036,0.0526353,0.3158091,-0.1672417,-9.882208,0,0,37.60009,1,1,1000,1000
IMU,124327125,0.02680728,-0.009672025,0.05402211,0.1115211,0.3508282,-9.685354,0,0,37.59971,1,1,1000,1000
IMU,124367317,0.02694139,-0.0008031088,0.0377698,0.2766777,-0.1562835,-9.864141,0,0,37.59921,1,1,1000,1000
IMU,124407123,0.04833971,0.006916057,0.03446833,0.1326801,0.1013332,-9.828363,0,0,37.59846,1,1,1000,1000
IMU,124447108,0.03340024,-0.0002932679,0.02674425,0.3378706,-0.2203895,-9.889141,0,0,37.59752,1,1,1000,1000
IMU,124487148,0.03175117,0.002852943,0.03360979,0.1247182,0.4093052,-9.814157,0,0,37.59661,1,1,1000,1000
IMU,124527106,0.04674716,-0.003956522,0.0313972,0.2909899,0.05519631,-9.766472,0,0,37.5957,1,1,1000,1000
IMU,124567401,0.06747456,0.05229925,0.04546899,0.1518677,0.03752029,-9.729659,0,0,37.59504,1,1,1000,1000
IMU,124607131,0.05065981,0.007541406,0.04225862,0.2972105,-0.2767502,-9.690154,0,0,37.59424,1,1,1000,1000
IMU,124647133,0.02847036,0.009948716,0.05263082,0.1517345,0.5034226,-9.711465,0,0,37.59338,1,1,1000,1000
IMU,124687163,0.01928143,-0.01954197,0.058593,0.3340295,-0.2506111,-9.66259,0,0,37.59182,1,1,1000,1000
IMU,124727138,0.007591758,0.05693621,0.0684843,0.1137286,0.3662764,-9.788067,0,0,37.59098,1,1,1000,1000
IMU,124767362,-0.02825951,0.006113351,0.07221562,0.383388,-0.2838258,-9.788731,0,0,37.59098,1,1,1000,1000
IMU,124807105,-0.04427425,0.04978292,0.08449777,0.18009,0.4578702,-9.856107,0,0,37.58982,1,1,1000,1000
IMU,124847202,-0.05166231,0.001743737,0.08397673,0.3479129,-0.1163607,-9.610752,0,0,37.58829,1,1,1000,1000
IMU,124887109,-0.04431565,0.02718434,0.07764106,0.2226724,0.2679675,-9.739014,0,0,37.58546,1,1,1000,1000
IMU,124927129,-0.02961803,0.02314618,0.06906132,0.2018169,0.2161161,-9.540638,0,0,37.58179,1,1,1000,1000
IMU,124967310,-0.01976336,0.0046949,0.05793176,0.3548616,-0.3545386,-9.545429,0,0,37.57767,1,1,1000,1000
IMU,125007175,-0.02601082,0.03581477,0.04998038,0.05379261,0.6965162,-9.682447,0,0,37.57199,1,1,1000,1000
IMU,125047205,-0.0340656,-0.02168863,0.02905576,0.3468774,0.1847883,-9.398291,0,0,37.56496,1,1,1000,1000
IMU,125087436,-0.04442254,-0.01702373,0.009889354,0.3758616,-0.01473164,-9.284964,0,0,37.55749,1,1,1000,1000
IMU,125127098,-0.04541331,0.01012999,-0.004404989,0.09316736,0.6489418,-9.363579,0,0,37.55055,1,1,1000,1000
IMU,125167308,-0.04245359,-0.03068313,-0.01575452,0.2587234,0.6941195,-9.173423,0,0,37.54414,1,1,1000,1000
IMU,125207114,-0.05173564,-0.01569454,-0.01704965,0.4530564,0.6947426,-8.956443,0,0,37.53753,1,1,1000,1000
IMU,125247133,-0.05863518,0.006381197,-0.02672984,0.09539579,1.698021,-9.044746,0,0,37.53163,1,1,1000,1000
IMU,125287492,-0.04379755,-0.03438919,-0.02096243,0.2259649,0.7271375,-9.203125,0,0,37.52612,1,1,1000,1000
IMU,125327104,-0.06299081,-0.01739497,-0.02316672,0.3245105,0.1379301,-9.384177,0,0,37.5215,1,1,1000,1000
IMU,125367484,-0.04781301,0.0150706,-0.00942385,0.1370441,0.5712641,-9.6019,0,0,37.51837,1,1,1000,1000
IMU,125407110,-0.03440198,-0.01287539,-0.006021975,0.2829999,0.2916352,-9.338405,0,0,37.51516,1,1,1000,1000
IMU,125447152,-0.01864658,0.02261737,0.00402425,0.4198167,-0.1286686,-9.182266,0,0,37.51186,1,1,1000,1000
IMU,125487190,-0.0002036111,0.04401795,0.00774054,0.03010229,0.6543427,-9.371541,0,0,37.50866,1,1,1000,1000
IMU,125527111,0.02314912,-0.001722426,0.01239658,0.2610738,0.01258029,-9.244356,0,0,37.50544,1,1,1000,1000
IMU,125567302,0.02747176,-0.01687594,0.01082899,0.3660385,-0.1114829,-9.201386,0,0,37.50228,1,1,1000,1000
IMU,125607164,0.02420227,0.03218331,0.008572051,0.3015976,0.2016976,-9.39533,0,0,37.49945,1,1,1000,1000
IMU,125647123,0.02309687,0.04433698,0.00529608,0.1052943,0.4543728,-9.428208,0,0,37.49705,1,1,1000,1000
IMU,125687088,0.03196982,-0.044165,-0.0001614546,0.4282105,-0.2761086,-9.33491,0,0,37.49462,1,1,1000,1000
IMU,125727099,0.02134138,-0.03875107,-0.01068033,0.3698425,-0.05037291,-9.285127,0,0,37.49212,1,1,1000,1000
IMU,125767394,0.00495871,-0.005286658,-0.0169382,0.1982538,0.2974673,-9.522655,0,0,37.48954,1,1,1000,1000
IMU,125807094,0.02648569,-0.02534692,-0.03395839,0.2172471,0.1552163,-9.552697,0,0,37.48693,1,1,1000,1000
IMU,125847141,0.003381104,-0.01778036,-0.04242837,0.4256271,-0.4182356,-9.58079,0,0,37.48488,1,1,1000,1000
IMU,125887133,-0.03027507,0.03438592,-0.05452989,0.1025496,0.563354,-9.742226,0,0,37.48311,1,1,1000,1000
IMU,125927154,-0.03059131,-0.02273697,-0.06126007,0.3159823,0.02441194,-9.583953,0,0,37.48158,1,1,1000,1000
IMU,125967301,-0.009563305,-0.0422273,-0.07670971,0.4018533,-0.3981187,-9.652529,0,0,37.48032,1,1,1000,1000
IMU,126007131,-0.001228103,-0.02715703,-0.07556233,0.151441,0.3850766,-10.02813,0,0,37.47923,1,1,1000,1000
IMU,126047159,0.00806746,-0.08578563,-0.0802704,0.2315462,0.001408178,-9.912973,0,0,37.47846,1,1,1000,1000
IMU,126087141,0.002416739,-0.005818961,-0.07799356,0.2746769,-0.1936457,-10.02172,0,0,37.47775,1,1,1000,1000
IMU,126127483,0.1041649,0.2460276,-0.07322277,-0.4471922,0.5347712,-18.78148,0,0,37.47706,1,1,1000,1000
IMU,126167314,-0.2085063,-0.06102791,-0.08628058,0.8297848,-0.6201684,-11.42827,0,0,37.47654,1,1,1000,1000
IMU,126207093,-0.2171623,-0.07885193,-0.08761675,0.5695561,-0.1153465,-6.349372,0,0,37.47654,1,1,1000,1000
IMU,126247174,-0.1106816,-0.1326487,-0.09847319,-0.1428519,0.2067582,-5.960397,0,0,37.47654,1,1,1000,1000
IMU,126287107,0.04956352,-0.1960201,-0.08567916,0.01214622,0.03189815,-4.811761,0,0,37.47647,1,1,1000,1000
IMU,126327125,0.1974747,-0.1384619,-0.07395852,-0.5325503,0.7115562,-6.487495,0,0,37.47627,1,1,1000,1000
IMU,126367339,0.02646017,0.7158613,-0.02188531,0.09271006,-0.9797019,-21.81962,0,0,37.47614,1,1,1000,1000
IMU,126407089,-0.6820859,-0.4186264,-0.02102554,0.2481266,0.2279345,-5.375709,0,0,37.47615,1,1,1000,1000
IMU,126447236,0.2665832,0.4024646,0.08443555,-1.118271,2.657006,-9.539386,0,0,37.47609,1,1,1000,1000
IMU,126487153,0.8978904,-0.1049342,-0.02590385,2.390008,-0.1997641,-11.4685,0,0,37.47617,1,1,1000,1000
IMU,126527093,-0.3444303,0.1650806,-0.1970353,-0.1947738,0.8719115,-8.932462,0,0,37.47614,1,1,1000,1000
IMU,126567325,-0.05934144,-0.1222844,-0.1712795,0.5887471,-0.9396365,-11.42051,0,0,37.47603,1,1,1000,1000
IMU,126607131,0.155599,0.09424658,-0.002780807,0.3693322,-0.1106462,-9.063368,0,0,37.47569,1,1,1000,1000
IMU,126647101,0.07617041,0.04434728,0.0645305,-0.4175563,0.09211081,-9.875302,0,0,37.4752,1,1,1000,1000
IMU,126687128,-0.03989629,0.02254903,-0.02527668,0.09234865,0.253926,-9.804703,0,0,37.47408,1,1,1000,1000
IMU,126727139,-0.02957311,-0.004028441,-0.01467907,0.2604471,0.468163,-9.649575,0,0,37.4728,1,1,1000,1000
IMU,126767377,0.002642186,-0.002009565,0.003479483,0.1464857,0.2154252,-9.886266,0,0,37.47031,1,1,1000,1000
IMU,126807096,0.004561652,-0.01060317,-0.01186995,0.1682695,0.3175918,-9.794353,0,0,37.46771,1,1,1000,1000
IMU,126847109,-0.00686847,-0.001530087,0.01288737,0.2029973,0.1183993,-9.745819,0,0,37.46514,1,1,1000,1000
IMU,126887326,-0.000792711,-0.002396797,-0.01044064,0.2741492,0.2590226,-9.891673,0,0,37.46257,1,1,1000,1000
IMU,126927136,0.004725573,0.0003041829,0.005614692,0.1452893,0.09317818,-9.79841,0,0,37.45827,1,1,1000,1000
IMU,126967620,-0.003029615,0.003994776,0.005639234,0.3535666,0.3109353,-9.971493,0,0,37.453,1,1,1000,1000
IMU,127007100,-0.001798132,0.0006734326,-0.012348,0.2187036,0.02358955,-9.836692,0,0,37.4477,1,1,1000,1000
IMU,127047089,-0.002897982,0.001248088,0.01957322,0.2177484,0.3542208,-9.903492,0,0,37.442,1,1,1000,1000
IMU,127087106,0.004291196,-0.01160115,-0.01511279,0.3558633,0.1450147,-9.787985,0,0,37.43709,1,1,1000,1000
IMU,127127112,-0.006599351,-0.001744761,0.004332867,0.1460378,0.04842585,-9.827461,0,0,37.43346,1,1,1000,1000
IMU,127167313,-0.001866354,0.001510906,0.0005610505,0.2312341,0.3418272,-9.894053,0,0,37.43001,1,1,1000,1000
IMU,127207112,0.007312549,-0.006963158,-0.006815332,0.3479395,-0.1043667,-9.769309,0,0,37.4266,1,1,1000,1000
IMU,127247116,-0.004853489,0.005880556,0.006163185,0.1464219,-0.02666424,-9.76001,0,0,37.42237,1,1,1000,1000
IMU,127287134,-0.003330371,-7.191664E-05,-0.01409424,0.3673918,0.3831438,-9.858971,0,0,37.41819,1,1,1000,1000
IMU,127327114,0.008379321,-0.0001097003,0.0127552,0.2999583,0.0322201,-9.872355,0,0,37.41437,1,1,1000,1000
IMU,127367301,-0.002023025,-0.004210952,-0.007759598,0.08947201,-0.1634525,-9.794405,0,0,37.41106,1,1,1000,1000
IMU,127407096,-0.006673166,0.005531691,0.002548039,0.2745247,0.2529622,-9.781455,0,0,37.40674,1,1,1000,1000
IMU,127447091,0.002014776,-0.0007509991,0.006459536,0.2371248,0.07735704,-9.803646,0,0,37.40189,1,1,1000,1000
IMU,127487230,0.006735924,-0.002150786,-0.009594304,0.1872817,-0.01404032,-9.963458,0,0,37.39703,1,1,1000,1000
IMU,127527110,-0.006857177,0.009195339,0.01447043,0.2378975,0.2694252,-9.859413,0,0,37.39186,1,1,1000,1000
IMU,127567347,-0.002360697,-0.006347814,-0.01182512,0.2544242,0.3422406,-9.78572,0,0,37.3878,1,1,1000,1000
IMU,127607099,0.004980028,-0.01016074,0.004096771,0.2562715,-0.0880792,-9.914907,0,0,37.38371,1,1,1000,1000
IMU,127647142,-0.0006314142,0.01173167,0.0008991332,0.1706485,0.01408944,-9.830269,0,0,37.37981,1,1,1000,1000
IMU,127687107,-0.001543639,0.003340154,-0.0119951,0.3131158,0.3681503,-9.77626,0,0,37.37606,1,1,1000,1000
IMU,127727110,0.005667781,-0.006719634,0.01448875,0.3360049,-0.01903336,-9.809885,0,0,37.37307,1,1,1000,1000
IMU,127767385,0.0005351119,0.007060589,-0.0115405,0.05851131,-0.08797204,-9.818596,0,0,37.37045,1,1,1000,1000
IMU,127807117,-0.00436732,0.002430771,0.006680345,0.2290654,0.3593327,-9.922332,0,0,37.36794,1,1,1000,1000
IMU,127847167,0.000866831,-0.009303428,0.00416686,0.3771722,0.152124,-9.841239,0,0,37.366,1,1,1000,1000
IMU,127887094,0.004762926,-0.002780539,-0.01074979,0.1074209,-0.02986922,-9.803122,0,0,37.36421,1,1,1000,1000
IMU,127927101,-0.005311938,0.005234065,0.0109414,0.2355887,0.2184005,-9.862125,0,0,37.36277,1,1,1000,1000
IMU,127967356,0.0009254323,-0.00113073,-0.01245635,0.4221755,0.2529438,-9.852781,0,0,37.36147,1,1,1000,1000
IMU,128007532,0.005437048,-0.003999566,0.008678485,0.1908657,-0.05447306,-9.836151,0,0,37.36036,1,1,1000,1000
IMU,128047107,-0.002510687,0.001066306,-0.0009907708,0.1531654,0.01334144,-9.752637,0,0,37.3593,1,1,1000,1000
IMU,128087109,-0.003991408,0.004616384,-0.003375416,0.2758318,0.3561706,-9.871245,0,0,37.35803,1,1,1000,1000
IMU,128127109,0.001295141,-0.007680248,0.009974127,0.2312413,0.03590278,-10.05,0,0,37.35677,1,1,1000,1000
IMU,128167387,0.002718558,-0.004598589,-0.009967804,0.2024373,-0.08086762,-9.737638,0,0,37.35551,1,1,1000,1000
IMU,128207088,-0.002504738,0.009411793,0.005546567,0.2354686,0.3971723,-9.740457,0,0,37.35439,1,1,1000,1000
IMU,128247119,0.0007073843,-0.003595413,-0.006416782,0.3771571,0.1567798,-9.92274,0,0,37.35349,1,1,1000,1000
IMU,128287114,0.00326745,0.001399911,0.001137348,0.2172768,-0.2004,-9.838699,0,0,37.35258,1,1,1000,1000
