IMU,23874723,-0.0008809104,-0.002583839,0.000569177,-0.116831,-0.1504885,-9.800067,0,0,42.08574,1,1,1000,1000
CTUN,23914660,0,0,0,0.3241083,0.064858,0.064858,0.22,0,0.19,0,0,0,
ATT,23914715,0,0.79,0,-0.31,0.18,0.17,0,1,,,,,
PRX,23914863,2,14.38,0,8.63,0,6.84,0,8.88,0,0,180,6.84,
IMU,23914871,-0.001337911,0.0002608102,-2.75E-05,-0.100111,-0.1774775,-9.832784,0,0,42.0857,1,1,1000,1000
IMU,23954523,-0.000747504,-0.0006812378,-0.0005608214,-0.1225052,-0.1775433,-9.816688,0,0,42.08575,1,1,1000,1000
IMU,23994561,-0.000969319,-0.001828065,0.0007000985,-0.08880041,-0.1793312,-9.81615,0,0,42.08588,1,1,1000,1000
CTUN,24014617,0,0,0,0.3241083,0.06497131,0.06497131,0.24,0,0.19,0,0,0,
ATT,24014734,0,0.78,0,-0.31,0.18,0.17,0,1,,,,,
PRX,24014888,2,14.76,0,8.65,0,6.83,0,8.88,0,0,180,6.83,
IMU,24035494,-0.001377222,-0.001829347,0.00212459,-0.1006088,-0.1538974,-9.789306,0,0,42.08605,1,1,1000,1000
IMU,24075012,-0.0007168339,-0.0001681801,-0.0001030002,-0.1124103,-0.1745194,-9.831775,0,0,42.0861,1,1,1000,1000
CTUN,24114601,0,0,0,0.3241083,0.06511252,0.06511252,0.16,0,0.19,0,0,0,
ATT,24114658,0,0.78,0,-0.31,0.18,0.17,0,1,,,,,
PRX,24114779,2,14.4,0,8.64,0,6.88,0,8.9,0,0,180,6.88,
IMU,24114786,0.0005058441,-0.0002939152,-0.0002400048,-0.1103636,-0.1602084,-9.824565,0,0,42.08609,1,1,1000,1000
IMU,24154519,-0.0001805601,1.41E-05,-0.000643109,-0.09039951,-0.1755915,-9.784734,0,0,42.08596,1,1,1000,1000
IMU,24194543,-0.000512319,0.001118308,0.0005445973,-0.0939723,-0.1709532,-9.798567,0,0,42.08581,1,1,1000,1000
CTUN,24214582,0,0,0,0.3241083,0.06522304,0.06522304,0.14,0,0.19,0,0,0,
ATT,24214638,0,0.78,0,-0.31,0.18,0.17,0,1,,,,,
PRX,24214760,2,14.42,0,8.65,0,6.81,0,8.87,0,0,180,6.81,
IMU,24234601,0.000115146,-0.0003125048,0.0005444778,-0.1145785,-0.1707674,-9.788971,0,0,42.08572,1,1,1000,1000
IMU,24274512,-0.0007988524,-0.002154879,0.0009004705,-0.09675939,-0.1653747,-9.813707,0,0,42.0857,1,1,1000,1000
CTUN,24315194,0,0,0,0.3241083,0.06529134,0.06529134,0.19,0,0.19,0,0,0,
ATT,24315249,0,0.78,0,-0.31,0.18,0.18,0,1,,,,,
PRX,24315477,2,14.35,0,8.6,0,6.86,0,8.88,0,0,180,6.86,
IMU,24315485,-0.0003804616,0.001586886,0.0009051685,-0.109809,-0.1569972,-9.865869,0,0,42.08578,1,1,1000,1000
IMU,24354504,0.001507308,0.002496607,-0.00174957,-0.1005284,-0.1604652,-9.824305,0,0,42.08588,1,1,1000,1000
IMU,24394493,-0.0004546329,-0.001229959,0.001053413,-0.1023544,-0.1682892,-9.825697,0,0,42.08605,1,1,1000,1000
CTUN,24414554,0,0,0,0.3241083,0.06556462,0.06556462,0.18,0,0.19,0,0,0,
ATT,24414610,0,0.78,0,-0.31,0.18,0.18,0,1,,,,,
PRX,24414733,2,23.57,0,8.63,0,6.8,0,8.9,0,0,180,6.8,
IMU,24434533,-0.0006078007,0.003014933,-0.0005520097,-0.1230895,-0.1606797,-9.793168,0,0,42.0861,1,1,1000,1000
IMU,24474568,6.41E-05,0.0004283858,-0.0004867757,-0.1203391,-0.1572659,-9.809559,0,0,42.08609,1,1,1000,1000
CTUN,24514628,0,0,0,0.3241083,0.06568413,0.06568413,0.24,0,0.19,0,0,0,
ATT,24514743,0,0.78,0,-0.31,0.18,0.18,0,1,,,,,
PRX,24514866,2,14.9,0,8.58,0,6.87,0,8.88,0,0,180,6.87,
IMU,24514874,3.41E-05,-0.0005331111,-1.53E-05,-0.1132123,-0.176429,-9.802164,0,0,42.08603,1,1,1000,1000
IMU,24554888,-0.001167202,-0.000328295,0.0007202488,-0.1029081,-0.1690839,-9.795311,0,0,42.08589,1,1,1000,1000
IMU,24594526,0.0006335697,0.000532728,-0.0001145914,-0.0893414,-0.1552685,-9.786583,0,0,42.08582,1,1,1000,1000
CTUN,24614567,0,0,0,0.3241083,0.06580753,0.06580753,0.24,0,0.19,0,0,0,
ATT,24614623,0,0.78,0,-0.31,0.18,0.18,0,1,,,,,
PRX,24614746,2,14.46,0,8.62,0,6.88,0,8.86,0,0,180,6.88,
IMU,24634537,-0.0009249335,0.002335894,-0.002163889,-0.1036612,-0.1522501,-9.829495,0,0,42.08572,1,1,1000,1000
IMU,24674524,-0.0008677344,-0.004715566,0.002036021,-0.1147483,-0.1687426,-9.832047,0,0,42.08574,1,1,1000,1000
CTUN,24714536,0,0,0,0.3241083,0.06582921,0.06582921,0.15,0,0.19,0,0,0,
ATT,24714591,0,0.78,0,-0.31,0.18,0.18,0,1,,,,,
PRX,24714714,2,14.32,0,8.64,0,6.83,0,8.88,0,0,180,6.83,
IMU,24714722,-0.0005561277,0.001256752,-0.001074873,-0.09471583,-0.1432822,-9.800687,0,0,42.08571,1,1,1000,1000
IMU,24754532,0.0007699175,0.0007135802,-0.00159608,-0.1153809,-0.159565,-9.794098,0,0,42.08571,1,1,1000,1000
IMU,24794560,0.001396337,0.001065924,-0.0006938926,-0.101131,-0.1552037,-9.803013,0,0,42.08632,1,1,1000,1000
CTUN,24814644,0,0,0,0.3241083,0.0658396,0.0658396,0.07,0,0.19,0,0,0,
ATT,24814701,0,0.79,0,-0.31,0.18,0.17,0,1,,,,,
PRX,24814823,2,14.8,0,8.63,0,6.84,0,8.87,0,0,180,6.84,
IMU,24834673,-0.0008212114,0.00155143,0.000378454,-0.1342911,-0.1821246,-9.814762,0,0,42.08747,1,1,1000,1000
IMU,24874599,-0.0004191547,0.001965745,0.0002011652,-0.1093986,-0.1854072,-9.805557,0,0,42.08846,1,1,1000,1000
CTUN,24914536,0,0,0,0.3241083,0.06590542,0.06590542,0.12,0,0.19,0,0,0,
ATT,24914592,0,0.79,0,-0.3,0.18,0.17,0,1,,,,,
PRX,24914716,2,23.57,0,8.7,0,6.83,0,8.91,0,0,180,6.83,
IMU,24914724,0.000459703,0.0001765733,0.0006909787,-0.09694678,-0.1823342,-9.812809,0,0,42.08885,1,1,1000,1000
IMU,24954513,-0.001425156,0.0004873164,-0.0005611411,-0.09947251,-0.1568698,-9.800156,0,0,42.09013,1,1,1000,1000
IMU,24994504,-0.001169982,-0.0004291818,0.0009448455,-0.09611154,-0.1757206,-9.820735,0,0,42.09106,1,1,1000,1000
CTUN,25014541,0,0,0,0.3241083,0.06592581,0.06592581,0.07,0,0.19,0,0,0,
ATT,25014597,0,0.78,0,-0.3,0.18,0.17,0,1,,,,,
PRX,25014720,2,16.73,0,8.67,0,6.83,0,8.87,0,0,180,6.83,
IMU,25034546,0.0001582773,0.001337334,-0.0003235147,-0.09891383,-0.1731337,-9.808055,0,0,42.09129,1,1,1000,1000
IMU,25074458,0.000737971,0.0004144676,-0.001220119,-0.1063813,-0.1662904,-9.83931,0,0,42.09122,1,1,1000,1000
CTUN,25114598,0,0,0,0.3241083,0.06609922,0.06609922,0.11,0,0.19,0,0,0,
ATT,25114653,0,0.78,0,-0.3,0.18,0.17,0,1,,,,,
PRX,25114779,2,16.41,0,8.67,0,6.83,0,8.9,0,0,180,6.83,
IMU,25114786,-0.0008270611,-0.001409079,0.0009432363,-0.09552111,-0.1647723,-9.808418,0,0,42.09154,1,1,1000,1000
IMU,25154467,0.0001424634,-0.00158873,0.001428505,-0.1075532,-0.1495502,-9.809025,0,0,42.09161,1,1,1000,1000
IMU,25194338,-0.001738077,-0.002650635,0.0005936942,-0.1378826,-0.17043,-9.81458,0,0,42.09196,1,1,1000,1000
CTUN,25214822,0,0,0,0.3241083,0.06619203,0.06619203,0.03,0,0.19,0,0,0,
ATT,25214915,0,0.78,0,-0.3,0.18,0.17,0,1,,,,,
PRX,25215036,2,14.49,0,8.64,0,6.85,0,8.92,0,0,180,6.85,
IMU,25234412,-0.0004157048,0.00459973,-0.001956937,-0.1067457,-0.1767123,-9.825958,0,0,42.0929,1,1,1000,1000
IMU,25274559,0.0008243562,0.0008734474,-8.10E-05,-0.0972924,-0.161438,-9.834079,0,0,42.09494,1,1,1000,1000
CTUN,25314557,0,0,0,0.3241083,0.06626878,0.06626878,0.04,0,0.19,0,0,0,
ATT,25314612,0,0.78,0,-0.29,0.18,0.17,0,1,,,,,
PRX,25314734,2,14.39,0,8.64,0,6.83,0,8.9,0,0,180,6.83,
IMU,25314741,-0.0002369562,-0.0002146878,0.001604545,-0.1006602,-0.1737964,-9.814399,0,0,42.09834,1,1,1000,1000
IMU,25354499,0.0008640126,0.0009341422,-0.0004688402,-0.101483,-0.1867334,-9.826777,0,0,42.10062,1,1,1000,1000
IMU,25394798,-0.001350845,-0.0009580214,-6.04E-05,-0.1327936,-0.1865127,-9.796949,0,0,42.1024,1,1,1000,1000
CTUN,25414444,0,0,0,0.3241083,0.06638226,0.06638226,0.09,0,0.19,0,0,0,
ATT,25414495,0,0.78,0,-0.29,0.18,0.17,0,1,,,,,
PRX,25414616,2,14.34,0,8.66,0,6.84,0,8.89,0,0,180,6.84,
IMU,25434485,-0.000597736,-0.001009886,0.0007468419,-0.08686589,-0.171569,-9.801041,0,0,42.10516,1,1,1000,1000
IMU,25474422,-0.001323079,-0.001050283,0.0006767387,-0.1152023,-0.1690262,-9.7977,0,0,42.10809,1,1,1000,1000
CTUN,25514458,0,0,0,0.3241083,0.06649974,0.06649974,0.07,0,0.19,0,0,0,
ATT,25514569,0,0.78,0,-0.29,0.18,0.18,0,1,,,,,
PRX,25514796,2,16.33,0,8.61,0,6.85,0,8.92,0,0,180,6.85,
IMU,25514804,-0.001537484,0.000773826,0.001109566,-0.1066238,-0.1545391,-9.779446,0,0,42.10972,1,1,1000,1000
IMU,25554334,0.0005083898,-0.0006864912,0.0003093764,-0.09265241,-0.1778533,-9.816442,0,0,42.11047,1,1,1000,1000
IMU,25594525,-0.0009154965,0.000873681,2.34E-05,-0.1163131,-0.1838435,-9.826432,0,0,42.11045,1,1,1000,1000
CTUN,25614841,0,0,0,0.3241083,0.06653724,0.06653724,0.02,0,0.19,0,0,0,
ATT,25614897,0,0.78,0,-0.29,0.18,0.18,0,1,,,,,
PRX,25615019,2,14.38,0,8.65,0,6.84,0,8.87,0,0,180,6.84,
IMU,25634558,0.0006256188,-0.003207298,0.001080319,-0.1002419,-0.1613484,-9.831483,0,0,42.10971,1,1,1000,1000
IMU,25674528,-0.0002547422,-0.0008491519,0.0009315573,-0.1044915,-0.1689324,-9.812913,0,0,42.11041,1,1,1000,1000
CTUN,25714604,0,0,0,0.3241083,0.0666178,0.0666178,0,0,0.19,0,0,0,
ATT,25714662,0,0.78,0,-0.29,0.18,0.18,0,1,,,,,
PRX,25714784,2,14.39,0,8.62,0,6.88,0,8.88,0,0,180,6.88,
IMU,25714792,5.92E-05,0.001279391,-0.0001400612,-0.09148111,-0.1641358,-9.781967,0,0,42.11023,1,1,1000,1000
IMU,25754405,-0.0009861754,-0.0005718206,0.0008477588,-0.09023953,-0.1546096,-9.841366,0,0,42.11029,1,1,1000,1000
IMU,25794339,0.0002272812,-0.001678458,0.001162892,-0.09765688,-0.1528116,-9.796736,0,0,42.10997,1,1,1000,1000
CTUN,25814513,0,0,0,0.3241083,0.06668469,0.06668469,-0.02,0,0.19,0,0,0,
ATT,25814569,0,0.77,0,-0.29,0.19,0.18,0,1,,,,,
PRX,25814692,2,14.41,0,8.68,0,6.8,0,8.88,0,0,180,6.8,
IMU,25834575,4.18E-05,0.001690081,6.27E-05,-0.1136659,-0.1697983,-9.820419,0,0,42.11088,1,1,1000,1000
IMU,25874437,-0.001196228,-0.004334845,0.000158451,-0.0983983,-0.1745727,-9.789239,0,0,42.11253,1,1,1000,1000
CTUN,25914562,0,0,0,0.3241083,0.06685303,0.06685303,0.03,0,0.19,0,0,0,
ATT,25914620,0,0.77,0,-0.3,0.19,0.19,0,1,,,,,
PRX,25914742,2,14.3,0,8.63,0,6.84,0,8.84,0,0,180,6.84,
IMU,25914749,-0.0007165996,0.0002463817,0.0001703672,-0.09341155,-0.1666751,-9.820872,0,0,42.11485,1,1,1000,1000
IMU,25954555,-0.0008170102,0.0004814651,0.000130228,-0.08934254,-0.1751947,-9.838806,0,0,42.11837,1,1,1000,1000
IMU,25994517,0.0009172402,-0.0009588234,8.67E-05,-0.09606228,-0.1744827,-9.820742,0,0,42.12392,1,1,1000,1000
CTUN,26014622,0,0,0,0.3241083,0.06694403,0.06694403,0.13,0,0.19,0,0,0,
ATT,26014679,0,0.77,0,-0.31,0.19,0.19,0,1,,,,,
PRX,26014851,2,14.45,0,8.64,0,6.88,0,8.89,0,0,180,6.88,
IMU,26034554,4.02E-05,-0.003597272,0.001495407,-0.1038571,-0.1645609,-9.813792,0,0,42.13152,1,1,1000,1000
IMU,26074552,-0.0007404626,-0.0007473537,0.0004740445,-0.09069763,-0.1743201,-9.822412,0,0,42.13879,1,1,1000,1000
CTUN,26114584,0,0,0,0.3241083,0.06703808,0.06703808,0.15,0,0.19,0,0,0,
ATT,26114639,0,0.77,0,-0.31,0.19,0.18,0,1,,,,,
PRX,26114762,2,14.33,0,8.67,0,6.89,0,8.88,0,0,180,6.89,
IMU,26114770,0.001276002,0.0009377021,-0.002484801,-0.251864,-0.1433834,-9.820893,0,0,42.1462,1,1,1000,1000
IMU,26154556,-0.001966264,-0.003292961,0.02601984,-0.08418096,-0.08350959,-9.718517,0,0,42.15372,1,1,1000,1000
IMU,26194513,-0.0001643161,-9.41E-05,0.02113517,-0.02753384,-0.2795399,-9.834974,0,0,42.15839,1,1,1000,1000
CTUN,26214554,0,0,0,0.3241083,0.06721019,0.06721019,0.25,0,0.19,0,0,0,
ATT,26214608,0,0.77,0,-0.31,0.18,0.18,0,1,,,,,
PRX,26214732,2,14.31,0,8.67,0,6.86,0,8.87,0,0,180,6.86,
IMU,26234586,0.0003347797,-0.002236469,0.01341285,-0.0350665,-0.006371345,-9.800379,0,0,42.16277,1,1,1000,1000
IMU,26274539,-0.00210413,-0.001884972,-4.73E-05,-0.2024716,-0.1225103,-9.8571,0,0,42.16689,1,1,1000,1000
CTUN,26314696,0,0,0,0.3241083,0.06731635,0.06731635,0.24,0,0.19,0,0,0,
ATT,26314751,0,0.77,0,-0.32,0.19,0.19,0,1,,,,,
PRX,26314876,2,23.55,0,8.67,0,6.87,0,8.86,0,0,180,6.87,
IMU,26314883,-0.002856963,-0.002768986,-0.01332037,0.03374387,-0.5156032,-9.821101,0,0,42.17313,1,1,1000,1000
IMU,26354545,-0.000175379,0.001169599,0.006249929,-0.5034724,-0.2785123,-9.704926,0,0,42.17981,1,1,1000,1000
IMU,26394545,0.002914168,0.004648329,0.01359501,0.270711,-0.225903,-9.828236,0,0,42.18662,1,1,1000,1000
CTUN,26414567,0,0,0,0.3241083,0.06738725,0.06738725,0.26,0,0.19,0,0,0,
ATT,26414620,0,0.77,0,-0.31,0.19,0.19,0,1,,,,,
PRX,26414742,2,23.97,0,8.61,0,6.88,0,8.85,0,0,180,6.88,
IMU,26435127,-0.00142235,0.003017551,0.02701702,0.03305581,-0.3139627,-9.569909,0,0,42.19093,1,1,1000,1000
IMU,26475003,-0.0002665682,-0.003354025,-0.01907061,0.166799,-0.05789699,-9.898252,0,0,42.19428,1,1,1000,1000
CTUN,26514591,0,0,0,0.3241083,0.06738607,0.06738607,0.14,0,0.19,0,0,0,
ATT,26514708,0,0.78,0,-0.31,0.19,0.18,0,1,,,,,
PRX,26514830,2,14.81,0,8.65,0,6.85,0,8.89,0,0,180,6.85,
IMU,26514838,0.000652779,-0.006467238,-0.0106069,0.3836915,0.007948138,-9.873182,0,0,42.19611,1,1,1000,1000
IMU,26554560,-0.00412339,0.003169965,-0.01845744,-0.12785,-0.4849178,-9.96907,0,0,42.1963,1,1,1000,1000
IMU,26594536,-0.004097027,0.00990238,-0.0024574,-0.6761672,-0.1124931,-9.80931,0,0,42.1963,1,1,1000,1000
CTUN,26614811,0,0,0,0.3241083,0.06729119,0.06729119,0.11,0,0.19,0,0,0,
ATT,26614868,0,0.77,0,-0.3,0.2,0.2,0,1,,,,,
PRX,26614989,2,14.41,0,8.65,0,6.82,0,8.82,0,0,180,6.82,
IMU,26634541,0.003877274,0.0003826937,0.00877441,-0.4067528,0.05744722,-9.788864,0,0,42.19601,1,1,1000,1000
IMU,26674550,0.0006641906,-0.007402534,0.001105103,0.2359495,-0.2372182,-9.805735,0,0,42.19128,1,1,1000,1000
CTUN,26714609,0,0,0,0.3241083,0.06704847,0.06704847,0.04,0,0.19,0,0,0,
ATT,26714664,0,0.77,0,-0.3,0.21,0.21,0,1,,,,,
PRX,26714789,2,23.56,0,8.65,0,6.84,0,8.8,0,0,180,6.84,
IMU,26714795,-0.006300347,-0.002209937,-0.003598758,0.3569209,-0.3578908,-9.973708,0,0,42.18263,1,1,1000,1000
IMU,26754564,0.002545618,0.006641171,-0.001473213,-0.6092147,-0.06756657,-9.842197,0,0,42.17092,1,1,1000,1000
IMU,26794536,0.0004213158,-0.002693346,0.003059602,0.0160562,-0.1668992,-10.05956,0,0,42.15778,1,1,1000,1000
CTUN,26814932,0,0,0,0.3241083,0.06655135,0.06655135,0.04,0,0.19,0,0,0,
ATT,26814988,0,0.78,0,-0.29,0.22,0.22,0,1,,,,,
PRX,26815111,2,14.79,0,8.68,0,6.83,0,8.85,0,0,180,6.83,
IMU,26834504,-0.00122868,-0.007186981,-0.0008169372,0.07462081,-0.2452467,-9.760494,0,0,42.14366,1,1,1000,1000
IMU,26874397,-0.0003945552,0.002241315,-0.006455599,-0.9795304,-0.2566919,-9.814102,0,0,42.13114,1,1,1000,1000
CTUN,26914457,0,0,0,0.3241083,0.06574272,0.06574272,0.03,0,0.19,0,0,-1,
ATT,26914506,0,0.78,0,-0.3,0.23,0.23,0,1,,,,,
PRX,26914631,2,14.45,0,8.65,0,6.86,0,8.9,0,0,180,6.86,
IMU,26914638,0.001534952,0.007832618,0.008955549,-0.1678502,0.05032028,-9.877077,0,0,42.11811,1,1,1000,1000
IMU,26954586,0.0006172544,-0.003840729,0.003304895,0.4454442,-0.2231453,-9.797455,0,0,42.09918,1,1,1000,1000
IMU,26994611,-0.003501743,-0.005125099,-0.003354031,0.2584672,-0.2025847,-9.880129,0,0,42.07251,1,1,1000,1000
CTUN,27014622,0,0,0,0.3241083,0.06445601,0.06445601,-0.03,0,0.19,0,0,-1,
ATT,27014676,0,0.78,0,-0.3,0.23,0.22,0,1,,,,,
PRX,27014798,2,14.42,0,8.68,0,6.82,0,8.91,0,0,180,6.82,
IMU,27034783,0.006314356,0.002236415,0.00162839,-0.6803153,0.1697495,-9.776154,0,0,42.04182,1,1,1000,1000
IMU,27074519,0.0003537177,0.001722661,0.003621513,0.1662595,-0.2876453,-9.75617,0,0,42.00968,1,1,1000,1000
CTUN,27114493,0,0,0,0.3241083,0.06278858,0.06278858,0.09,0,0.19,0,0,-1,
ATT,27114546,0,0.78,0,-0.3,0.22,0.22,0,1,,,,,
PRX,27114666,2,14.78,0,8.63,0,6.83,0,8.88,0,0,180,6.83,
IMU,27114673,-0.0006912008,-0.0068428,-0.001532714,0.1135285,-0.05340929,-10.00002,0,0,41.97788,1,1,1000,1000
IMU,27154336,0.001045274,-0.0005774704,-0.004423157,-0.6206283,0.1229316,-9.823436,0,0,41.948,1,1,1000,1000
IMU,27194322,-0.001730433,-0.000461249,0.01013768,-0.4025367,-0.159855,-9.709072,0,0,41.92121,1,1,1000,1000
CTUN,27214481,0,0,0,0.3241083,0.06079379,0.06079379,0.23,0,0.19,0,0,-2,
ATT,27214533,0,0.78,0,-0.31,0.23,0.22,0,1,,,,,
PRX,27214655,2,25.5,0,8.73,0,6.82,0,8.89,0,0,180,6.82,
IMU,27235196,0.001176223,-0.002017548,-0.001438173,0.1134533,-0.2868854,-9.996511,0,0,41.89804,1,1,1000,1000
IMU,27274507,-0.0002733688,-0.00357408,-0.002831358,0.09026542,-0.05715355,-9.843369,0,0,41.87865,1,1,1000,1000
CTUN,27314793,0,0,0,0.3241083,0.05850068,0.05850068,0.17,0,0.19,0,0,-2,
ATT,27314879,0,0.78,0,-0.31,0.23,0.23,0,1,,,,,
PRX,27315001,2,25.97,0,8.65,0,6.9,0,8.88,0,0,180,6.9,
IMU,27315008,0.0002834511,0.002642276,0.001361724,-1.002412,0.1469709,-9.449348,0,0,41.86187,1,1,1000,1000
IMU,27354551,0.0009183624,-0.003984613,0.00401719,0.5802049,-0.1651918,-9.792825,0,0,41.84342,1,1,1000,1000
IMU,27394532,0.002677123,-0.007325174,-0.008754147,-0.02433716,-0.0475517,-9.933622,0,0,41.82392,1,1,1000,1000
CTUN,27414551,0,0,0,0.3241083,0.05597119,0.05597119,0.11,0,0.19,0,0,-2,
ATT,27414606,0,0.78,0,-0.32,0.23,0.23,0,1,,,,,
PRX,27414728,2,14.83,0,8.67,0,6.82,0,8.86,0,0,180,6.82,
IMU,27434319,-0.002043475,0.009788975,0.004052737,-0.7455812,-0.04923859,-9.767363,0,0,41.80162,1,1,1000,1000
IMU,27474324,-0.0001909211,-0.004316454,0.009158868,0.3276558,-0.1915545,-9.870412,0,0,41.77421,1,1,1000,1000
CTUN,27514520,0,0,0,0.3241083,0.05310236,0.05310236,0.04,0,0.19,0,0,-3,
ATT,27514633,0,0.79,0,-0.31,0.22,0.22,0,1,,,,,
PRX,27514753,2,14.38,0,8.68,0,6.86,0,8.84,0,0,180,6.86,
IMU,27514761,0.004509471,-0.001026023,-0.01303595,0.2717253,-0.2476801,-9.910906,0,0,41.74632,1,1,1000,1000
IMU,27554602,-0.001620039,0.005139835,0.002530671,-0.724895,-0.05220593,-9.675718,0,0,41.71733,1,1,1000,1000
IMU,27594785,-0.001279449,-0.00105051,0.006831305,-0.4718,-0.5007555,-9.634375,0,0,41.69136,1,1,1000,1000
CTUN,27614613,0,0,0,0.3241083,0.05005716,0.05005716,0.06,0,0.19,0,0,-3,
ATT,27614669,0,0.79,0,-0.31,0.23,0.23,0,1,,,,,
PRX,27614793,2,14.26,0,8.69,0,6.87,0,8.88,0,0,180,6.87,
IMU,27634544,0.0003116961,-0.008594409,-0.006344621,0.9449921,-0.3685101,-10.09866,0,0,41.6669,1,1,1000,1000
IMU,27674616,0.0003859683,0.007150709,-0.001187337,-0.7496058,-0.03950942,-9.712358,0,0,41.64516,1,1,1000,1000
CTUN,27714618,0,0,0,0.3241083,0.04664889,0.04664889,0.18,0,0.19,0,0,-4,
ATT,27714673,0,0.78,0,-0.33,0.24,0.23,0,1,,,,,
PRX,27714795,2,14.37,0,8.65,0,6.9,0,8.91,0,0,180,6.9,
IMU,27714803,-0.004503582,-0.005296197,0.01153335,0.2968432,-0.2386888,-9.72294,0,0,41.62639,1,1,1000,1000
IMU,27754401,0.0008229676,-0.0006525603,-0.00991164,0.5757794,-0.06618002,-9.671391,0,0,41.61139,1,1,1000,1000
IMU,27794891,0.002714418,0.00811889,-0.004828581,-0.4596453,-0.08595711,-9.926584,0,0,41.59976,1,1,1000,1000
CTUN,27814579,0,0,0,0.3241083,0.04341926,0.04341926,0.37,0,0.19,0,0,-4,
ATT,27814634,0,0.79,0,-0.31,0.22,0.22,0,1,,,,,
PRX,27814879,2,16.78,0,8.71,0,6.84,0,8.85,0,0,180,6.84,
IMU,27834507,0.001750258,-0.006544628,0.01182735,-0.3393343,0.126909,-9.79187,0,0,41.59103,1,1,1000,1000
IMU,27874488,-0.00400763,0.002230851,-0.001148564,0.4108842,-0.4576843,-9.925931,0,0,41.58504,1,1,1000,1000
CTUN,27914571,0,0,0,0.3241083,0.03976486,0.03976486,0.38,0,0.19,0,0,-4,
ATT,27914626,0,0.79,0,-0.32,0.24,0.23,0,1,,,,,
PRX,27914751,2,23.66,0,8.66,0,6.84,0,8.87,0,0,180,6.84,
IMU,27914758,0.001768619,0.0008840632,-0.003036726,-0.4255396,-0.02234934,-9.773798,0,0,41.58068,1,1,1000,1000
IMU,27954520,0.004106675,0.002358892,0.002710971,-0.6977668,-0.1857061,-9.72725,0,0,41.57811,1,1,1000,1000
IMU,27994581,-0.007387627,-0.005247744,0.004092825,0.04440288,-0.3226972,-9.720229,0,0,41.57686,1,1,1000,1000
CTUN,28014525,0,0,0,0.3241083,0.0360468,0.0360468,0.31,0,0.19,0,0,-4,
ATT,28014580,0,0.78,0,-0.32,0.25,0.24,0,1,,,,,
PRX,28014702,2,23.96,0,8.7,0,6.86,0,8.85,0,0,180,6.86,
IMU,28034794,0.001877697,0.001607393,-0.01052218,-0.3717425,-0.2070015,-9.811258,0,0,41.57617,1,1,1000,1000
IMU,28074793,0.004561064,0.001552832,0.004657074,-0.09276029,-0.1069766,-9.780842,0,0,41.57679,1,1,1000,1000
CTUN,28114556,0,0,0,0.3241083,0.03214775,0.03214775,0.38,0,0.19,0,0,-5,
ATT,28114613,0,0.79,0,-0.32,0.24,0.24,0,1,,,,,
PRX,28114734,2,14.83,0,8.72,0,6.88,0,8.88,0,0,180,6.88,
IMU,28114742,-0.0007461616,-0.002053181,0.00547439,-0.07865122,-0.07057837,-9.588724,0,0,41.57559,1,1,1000,1000
IMU,28154558,-0.006725412,-0.004491708,-0.003591532,0.831885,-0.3672212,-9.832712,0,0,41.5712,1,1,1000,1000
IMU,28194511,0.004686664,-0.0004600825,-0.00246368,-0.3559835,0.06579494,-9.910433,0,0,41.56275,1,1,1000,1000
CTUN,28214555,0,0,0,0.3241083,0.02829908,0.02829908,0.37,0,0.19,0,0,-5,
ATT,28214983,0,0.79,0,-0.33,0.24,0.23,0,1,,,,,
PRX,28215117,2,14.47,0,8.65,0,6.87,0,8.87,0,0,180,6.87,
IMU,28234578,-0.002632619,0.002934795,0.01039429,-0.1933129,-0.08356938,-9.637204,0,0,41.55151,1,1,1000,1000
IMU,28274529,-0.0008582347,-0.008315559,-0.0058531,0.3497279,-0.1813909,-9.871909,0,0,41.53572,1,1,1000,1000
CTUN,28315107,0,0,0,0.3241083,0.02431942,0.02431942,0.45,0,0.19,0,0,-5,
ATT,28315162,0,0.79,0,-0.33,0.24,0.24,0,1,,,,,
PRX,28315286,2,14.39,0,8.68,0,6.89,0,8.86,0,0,180,6.89,
IMU,28315293,0.004722587,0.005116772,-0.01155029,-0.4725012,-0.08677267,-9.663104,0,0,41.51418,1,1,1000,1000
IMU,28354680,0.001408021,5.64E-05,0.01533033,-0.3635267,-0.1107006,-9.64962,0,0,41.49,1,1,1000,1000
IMU,28394515,-0.002186781,-0.005646331,-0.001259782,-0.02894357,-0.1757147,-9.779751,0,0,41.46497,1,1,1000,1000
CTUN,28414603,0,0,0,0.3241083,0.02003301,0.02003301,0.41,0,0.19,0,0,-6,
ATT,28414657,0,0.8,0,-0.34,0.26,0.25,0,1,,,,,
PRX,28414781,2,14.35,0,8.74,0,6.87,0,8.86,0,0,180,6.87,
IMU,28434622,-0.0002100055,0.001169741,-0.006824363,-0.088943,0.1091189,-9.760886,0,0,41.44041,1,1,1000,1000
IMU,28474507,0.004459615,0.005863441,0.00535573,-1.026945,-0.03028297,-9.662339,0,0,41.41816,1,1,1000,1000
CTUN,28514537,0,0,0,0.3241083,0.01544755,0.01544755,0.33,0,0.19,0,0,-6,
ATT,28514650,0,0.8,0,-0.35,0.25,0.24,0,1,,,,,
PRX,28514774,2,14.52,0,8.71,0,6.87,0,8.89,0,0,180,6.87,
IMU,28514781,-0.0002438761,-0.01038346,0.0002933716,0.8874999,-0.2423534,-9.89612,0,0,41.39826,1,1,1000,1000
IMU,28554393,-0.0005663315,0.001008819,-0.01021565,-0.1171304,0.03572427,-9.495503,0,0,41.38084,1,1,1000,1000
IMU,28594439,0.0007298235,0.00696659,0.009821007,-0.5922616,-0.2303992,-9.595154,0,0,41.36541,1,1,1000,1000
CTUN,28614555,0,0,0,0.3241083,0.01124521,0.01124521,0.37,0,0.19,0,0,-6,
ATT,28614612,0,0.8,0,-0.35,0.24,0.24,0,1,,,,,
PRX,28614735,2,14.31,0,8.71,0,6.84,0,8.86,0,0,180,6.84,
IMU,28634539,0.002040625,-0.01122813,0.006928056,0.0758632,-0.04390693,-9.939553,0,0,41.35159,1,1,1000,1000
IMU,28674542,-0.001254905,0.00388488,-0.007220742,-0.1072104,-0.2862654,-9.569338,0,0,41.3372,1,1,1000,1000
CTUN,28714598,0,0,0,0.3241083,0.007118205,0.007118205,0.36,0,0.19,0,0,-7,
ATT,28714654,0,0.81,0,-0.35,0.26,0.25,0,1,,,,,
PRX,28714775,2,14.31,0,8.72,0,6.87,0,8.85,0,0,180,6.87,
IMU,28714782,0.002395899,0.003943854,0.003167946,-0.6367334,-0.08997968,-9.706543,0,0,41.32475,1,1,1000,1000
IMU,28754630,-0.001846683,0.0002347542,0.004788901,0.3260594,-0.2962795,-9.612692,0,0,41.31217,1,1,1000,1000
IMU,28794316,-0.002616456,-0.004230892,-0.002038609,0.2365982,-0.1767745,-9.583702,0,0,41.30029,1,1,1000,1000
CTUN,28814637,0,0,0,0.3241083,0.002854577,0.002854577,0.53,0,0.19,0,0,-7,
ATT,28814691,0,0.8,0,-0.36,0.26,0.26,0,1,,,,,
PRX,28814811,2,14.41,0,8.73,0,6.89,0,8.86,0,0,180,6.89,
IMU,28834411,0.003593185,0.003262859,-0.005140583,-0.7636293,-0.1549426,-9.902966,0,0,41.28812,1,1,1000,1000
IMU,28874901,-0.001597513,-0.002863065,0.01332409,-0.5883978,-0.3164365,-9.316841,0,0,41.27594,1,1,1000,1000
CTUN,28914527,0.1842686,2.26E-05,0.1326554,0.3223582,0.04772468,0.0002690715,0.56,0,0.19,0,7,-7,
ATT,28914581,0,0.81,0,-0.37,0.25,0.26,0,1,,,,,
PRX,28914711,2,16.4,0,8.68,0,6.87,0,8.88,0,0,180,6.87,
IMU,28914718,0.002920847,0.001711124,-0.002242083,0.5213754,0.6467386,-9.930795,0,0,41.26376,1,1,1000,1000
IMU,28954506,0.004912535,0.006726349,0.004474982,0.2900293,0.9545631,-10.31083,0,0,41.25158,1,1,1000,1000
IMU,28994507,-0.004485555,-0.004773629,0.005330268,-1.988302,0.4925988,-9.313276,0,0,41.23936,1,1,1000,1000
CTUN,29014548,0.2929936,3.62E-05,0.2031511,0.3208002,0.1045461,-0.002436918,0.85,0,0.19,0,17,-8,
ATT,29014603,0,0.81,0,-0.37,0.25,0.28,0,1,,,,,
PRX,29014724,2,14.53,0,8.71,0,6.84,0,8.88,0,0,180,6.84,
IMU,29034609,0.009909149,-0.006755946,0.0008258462,1.638034,0.4534406,-9.813257,0,0,41.22741,1,1,1000,1000
IMU,29074554,-0.004083116,0.009454377,0.01266902,-2.635913,-3.359807,-9.048809,0,0,41.21629,1,1,1000,1000
CTUN,29114536,0.4071363,5.02E-05,0.2957028,0.3200566,0.1663373,-0.006043531,0.87,0,0.19,0,27,-8,
ATT,29114588,0,0.83,0,-0.32,0.25,0.35,0,1,,,,,
PRX,29114711,2,14.32,0,8.65,0,6.9,0,8.86,0,0,180,6.9,
IMU,29114718,0.009594696,0.01783333,0.02479206,-0.5230671,0.4793831,-8.70383,0,0,41.20521,1,1,1000,1000
IMU,29154463,0.001294174,0.01432793,0.03432289,-1.103026,-1.795943,-8.871087,0,0,41.19212,1,1,1000,1000
IMU,29194455,0.01666538,-0.02315019,0.04895417,-1.714677,-2.788001,-9.944786,0,0,41.17811,1,1,1000,1000
CTUN,29214451,0.4861916,7.68E-05,0.3921142,0.3202895,0.2324524,-0.009338639,0.91,0,0.19,0,38,-7,
ATT,29214501,0,0.91,0,-0.43,0.25,0.59,0,1,,,,,
PRX,29214623,2,25.48,0,8.75,0,6.85,0,8.92,0,0,180,6.85,
IMU,29234501,0.1575008,-0.111526,0.06671713,0.9875375,1.316487,-11.56454,0,0,41.16243,1,1,1000,1000
IMU,29274412,0.1682641,-0.11406,0.06111313,-0.8110675,-0.547713,-10.99982,0,0,41.14473,1,1,1000,1000
CTUN,29314557,0.3769121,0.0002239347,0.3967117,0.3211232,0.299133,-0.005709777,0.81,0,0.19,0,48,4,
ATT,29314615,0,1.71,0,-0.98,0.25,0.93,0,1,,,,,
PRX,29314737,2,24.06,0,8.73,0,6.85,0,8.91,0,0,180,6.85,
IMU,29314745,0.06105618,-0.04054885,0.05194767,0.3086806,-1.528275,-9.999434,0,0,41.12362,1,1,1000,1000
IMU,29354518,-0.02198654,0.01084452,0.05275209,-0.3476943,1.729061,-12.26693,0,0,41.10032,1,1,1000,1000
IMU,29394592,-0.006939335,-0.2544258,0.04463021,0.5215343,-1.667277,-8.924578,0,0,41.0754,1,1,1000,1000
CTUN,29414623,0.4176605,0.0003649592,0.3655537,0.3211982,0.3044875,0.009258561,0.85,0.49,0.19,0,48,12,
ATT,29414679,-0.03,1.6,-1.61,-1.77,1.33,1.2,0,1,,,,,
PRX,29414796,2,14.65,0,8.77,0,6.94,0,8.92,0,0,180,6.94,
IMU,29434676,-0.1306746,-0.2647768,0.06675202,-0.1815155,2.092445,-11.17066,0,0,41.04808,1,1,1000,1000
IMU,29474505,-0.1723925,-0.1195244,0.1232181,0.3768061,-1.823426,-9.468983,0,0,41.01785,1,1,1000,1000
CTUN,29514582,0.3172286,0.0003688931,0.3721145,0.3211982,0.3061102,0.02832371,0.89,0.49,0.19,0,45,16,
ATT,29514697,-0.05,0.77,-2.69,-2.65,3.33,1.9,0.01,1,,,,,
PRX,29514820,2,14.33,0,8.8,0,7.05,0,8.97,0,0,180,7.05,
IMU,29514828,-0.07066547,-0.1200884,0.1911469,-0.8564221,1.86731,-11.05656,0,0,40.98861,1,1,1000,1000
IMU,29554550,-0.004320912,-0.1109756,0.231097,0.4228694,-0.1403849,-9.203824,0,0,40.95749,1,1,1000,1000
IMU,29594559,-0.04981532,-0.08096004,0.2777299,-0.473852,-0.6457018,-9.917738,0,0,40.92892,1,1,1000,1000
CTUN,29614682,0.4101045,0.0006582439,0.3758323,0.3213043,0.3063675,0.04945188,0.89,0.49,0.19,0,41,15,
ATT,29614737,-0.07,0.51,-3.22,-3.2,5.33,3.39,0.01,1,,,,,
PRX,29614889,2,23.53,0,8.76,0,7.23,0,9.03,0,0,180,7.23,
IMU,29634520,-0.03663092,0.0334358,0.3301107,0.8665172,0.8074832,-9.609165,0,0,40.90071,1,1,1000,1000
IMU,29674557,0.05435604,0.03947098,0.3651026,-0.3314127,-0.5202881,-10.33124,0,0,40.87188,1,1,1000,1000
CTUN,29714621,0.3731964,0.0005021393,0.3745587,0.3218695,0.3063675,0.07217073,0.98,0.49,0.19,0,37,15,
ATT,29714675,-0.08,0.61,-3.49,-2.9,7.33,5.48,0.02,1,,,,,
PRX,29714797,2,16.81,0,8.63,0,7.29,0,9.08,0,0,180,7.29,
IMU,29714805,0.07059569,0.08417737,0.3866974,-0.5389026,0.3555646,-9.553391,0,0,40.84348,1,1,1000,1000
IMU,29754800,0.06576953,0.04850204,0.3965312,0.4801635,-0.4893706,-9.508444,0,0,40.81695,1,1,1000,1000
IMU,29794569,0.050158,0.02292104,0.4037749,-1.167471,1.109466,-9.674273,0,0,40.79393,1,1,1000,1000
CTUN,29814648,0.4289071,0.0005347729,0.3956605,0.3218695,0.3068167,0.0932863,1.03,0.49,0.19,0,35,15,
ATT,29814704,-0.1,0.82,-3.62,-2.73,9.33,7.79,0.02,1,,,,,
PRX,29814823,2,25.59,0,8.59,0,7.63,0,9.26,0,0,180,7.63,
IMU,29834562,0.05475239,0.0176765,0.419191,0.8531034,0.1697726,-9.041866,0,0,40.772,1,1,1000,1000
IMU,29874575,0.03169216,0.02336553,0.4321571,-0.0627856,-0.2889119,-11.52909,0,0,40.75414,1,1,1000,1000
CTUN,29914647,0.3753254,0.0004244745,0.3813453,0.3218695,0.30883,0.1139558,1.25,0.49,0.19,0,32,17,
ATT,29914704,-0.16,0.85,-3.68,-2.58,11.33,10.27,0.02,1,,,,,
PRX,29914826,2,24.12,0,8.59,0,7.85,0,9.39,0,0,180,7.85,
IMU,29914864,-0.001355968,0.06839643,0.4291468,-0.7426537,-0.9514694,-7.864507,0,0,40.73996,1,1,1000,1000
IMU,29955043,0.02290652,0.01549272,0.4349518,0.661666,1.766984,-11.29165,0,0,40.72818,1,1,1000,1000
IMU,29994551,0.03708968,0.01457394,0.4374524,-0.2871431,-1.425496,-7.843602,0,0,40.71867,1,1,1000,1000
CTUN,30014617,0.3659239,0.0003935099,0.3776346,0.3218695,0.3092303,0.1336198,1.05,0.49,0.19,0,28,15,
ATT,30014671,-0.25,0.86,-3.7,-2.5,13.33,12.75,0.02,1,,,,,
PRX,30014793,2,16.78,0,8.51,0,8.38,0,9.78,0,0,180,8.38,
IMU,30034527,-0.002345714,0.007614448,0.4395794,0.1507464,1.346321,-10.73784,0,0,40.71005,1,1,1000,1000
IMU,30074525,-0.0181524,0.03819957,0.4356605,0.2194923,-2.274041,-8.625192,0,0,40.69993,1,1,1000,1000
CTUN,30114671,0.4286868,0.0004021227,0.4117352,0.3218695,0.3096804,0.1480635,1.09,0.49,0.22,0,27,12,
ATT,30114724,-0.43,0.61,-3.69,-2.4,15.33,15.25,0.03,1,,,,,
PRX,30114843,2,23.9,0,8.47,0,8.91,0,10.18,0,0,90,8.47,
IMU,30114850,-0.02319082,0.03425714,0.4354562,0.5614448,1.658551,-10.53055,0,0,40.6896,1,1,1000,1000
IMU,30154550,-0.02967504,0.05330337,0.4298209,-0.2564063,-2.636524,-9.487894,0,0,40.67831,1,1,1000,1000
IMU,30195272,-0.02105107,0.03903254,0.4261879,-0.4190718,1.645064,-10.16895,0,0,40.66644,1,1,1000,1000
CTUN,30214602,0.4414465,0.0003273189,0.434855,0.3218695,0.3126931,0.1604678,1.02,0.49,0.24,0,29,14,
ATT,30214657,-0.46,0.39,-3.7,-2.17,17.33,17.7,0.03,1,,,,,
PRX,30214778,2,15.53,0,8.31,0,9.36,0,10.73,0,0,90,8.31,
IMU,30235347,0.02317635,0.04086512,0.4180395,0.7261447,-0.3691864,-10.36619,0,0,40.65439,1,1,1000,1000
IMU,30274769,-0.05893577,0.06644324,0.4158947,-0.4461785,-1.39478,-9.815481,0,0,40.64251,1,1,1000,1000
CTUN,30314624,0.4505903,0.0002226532,0.4487163,0.3218695,0.3206847,0.1752008,1,0.49,0.27,0,34,18,
ATT,30314679,-1.32,-0.09,-3.33,-1.79,19.33,20.04,0.03,1,,,,,
PRX,30314855,2,12.47,0,8.1,0,10.35,0,11.19,0,0,90,8.1,
IMU,30314862,-0.1684937,0.09258296,0.3999905,0.4529923,1.316089,-10.58869,0,0,40.63224,1,1,1000,1000
IMU,30354573,-0.2266633,0.1407998,0.3906788,0.07355428,-1.111381,-10.46452,0,0,40.6223,1,1,1000,1000
IMU,30394593,-0.225616,0.1754315,0.3783002,-0.1389925,-1.724345,-9.453858,0,0,40.61342,1,1,1000,1000
CTUN,30414614,0.3627251,0.0001513064,0.4094695,0.3218695,0.3323383,0.1933644,1.02,0.49,0.3,0,32,23,
ATT,30414669,-2.32,-1.41,-2.43,-0.85,21.33,22.28,0.03,1,,,,,
PRX,30414791,2,11.29,0,7.94,0,10.92,0,11.64,0,0,90,7.94,
IMU,30434500,-0.1951611,0.1889042,0.3770623,-0.3551519,1.620914,-10.23408,0,0,40.6061,1,1,1000,1000
IMU,30474521,-0.1515975,0.247128,0.3621502,-0.184696,-2.311367,-8.973463,0,0,40.60052,1,1,1000,1000
CTUN,30514561,0.3520084,0.0003190935,0.3869218,0.3218695,0.3405952,0.2123261,1.13,0.49,0.34,0,26,21,
ATT,30514678,-3.02,-2.36,-1.06,0.58,23.33,24.31,0.03,1,,,,,
PRX,30514859,2,10.62,0,7.7,0,11.7,0,12.12,0,0,90,7.7,
IMU,30514866,-0.1578772,0.2816378,0.3642186,-0.2268729,0.7376556,-8.977182,0,0,40.59572,1,1,1000,1000
IMU,30554926,-0.1090917,0.2462751,0.3597859,-0.02732632,1.231936,-10.33303,0,0,40.59183,1,1,1000,1000
IMU,30594498,-0.05989124,0.2277403,0.360815,-0.3096682,-0.3691428,-8.962935,0,0,40.58887,1,1,1000,1000
CTUN,30614533,0.3536786,0.0006498396,0.4149816,0.3218695,0.345882,0.227796,1.23,0.49,0.38,0,23,18,
ATT,30614585,-3.25,-2.81,0.16,2.03,25.33,26.31,0.03,1,,,,,
PRX,30614762,2,9.81,0,7.61,0,12.44,0,12.82,0,0,90,7.61,
IMU,30634554,-0.001776655,0.1949493,0.3575733,-0.1460468,1.547687,-10.7349,0,0,40.58656,1,1,1000,1000
IMU,30674541,0.02496051,0.175897,0.3593135,-0.2359397,-1.270728,-7.691272,0,0,40.58484,1,1,1000,1000
CTUN,30714574,0.3613946,0.0009072423,0.3984424,0.3218695,0.3491046,0.2416257,1.24,0.49,0.42,0,18,16,
ATT,30714629,-3.18,-2.59,1.12,3.11,27.33,28.33,0.03,1,,,,,
PRX,30714752,2,8.86,0,7.46,0,13.51,0,13.37,0,0,90,7.46,
IMU,30714760,0.0290281,0.1348248,0.3547325,-0.3105309,0.3874027,-11.03773,0,0,40.58393,1,1,1000,1000
IMU,30754537,0.04210199,0.1145749,0.3474886,0.3316494,-0.01681975,-7.520324,0,0,40.58426,1,1,1000,1000
IMU,30794440,0.06909407,0.08329424,0.3474989,-0.2036361,-0.1100685,-11.15897,0,0,40.58491,1,1,1000,1000
CTUN,30814475,0.4007936,0.001147449,0.397804,0.3218695,0.3483971,0.2533576,1.3,0.49,0.45,0,12,11,
ATT,30814525,-2.96,-2.17,1.84,3.74,29.33,30.3,0.03,1,,,,,
PRX,30814644,2,8.38,0,7.5,0,14.21,0,13.33,0,0,90,7.5,
IMU,30834502,0.06935344,0.04542586,0.3408266,-0.04388933,-0.01388211,-7.836626,0,0,40.58546,1,1,1000,1000
IMU,30874438,0.07653788,0.02890791,0.3431568,0.711031,-0.1858409,-9.697576,0,0,40.58582,1,1,1000,1000
CTUN,30914473,0.4264768,0.001184076,0.3896733,0.3218695,0.3440397,0.2622609,1.36,0.49,0.47,0,6,6,
ATT,30914616,-2.73,-1.63,2.31,3.93,31.33,32.23,0.04,1,,,,,
PRX,30914740,2,7.74,0,7.49,0,14.78,0,13.27,0,0,90,7.49,
IMU,30914747,0.07958002,-8.72E-05,0.330614,-0.3465055,0.1460283,-9.012324,0,0,40.58569,1,1,1000,1000
IMU,30954425,0.07031301,-0.004163659,0.3317902,0.1015263,0.2152596,-10.00439,0,0,40.58576,1,1,1000,1000
IMU,30994536,0.04533286,-0.002860639,0.3267295,0.0228764,0.02203968,-9.326241,0,0,40.58549,1,1,1000,1000
CTUN,31014625,0.452958,0.001187772,0.4078358,0.3218695,0.3367892,0.2681328,1.31,0.49,0.5,0,3,0,
ATT,31014679,-2.49,-1.18,2.65,3.97,33.33,34.13,0.04,1,,,,,
PRX,31014800,2,7.49,0,7.76,0,14.95,0,13.01,0,0,0,7.49,
IMU,31034628,0.003373373,0.008809097,0.3349848,-0.3407041,0.670248,-11.10289,0,0,40.58549,1,1,1000,1000
IMU,31074623,0.01703616,0.01728301,0.3295901,0.7427567,-0.328923,-8.40534,0,0,40.58549,1,1,1000,1000
CTUN,31114611,0.370914,0.000995487,0.4006056,0.3218695,0.3280415,0.272256,1.43,0.49,0.51,0,0,-1,
ATT,31114666,-2.24,-0.94,2.91,4.08,35.33,36.06,0.04,1,,,,,
PRX,31114788,2,7.29,0,7.98,0,14.7,0,23.14,0,0,0,7.29,
IMU,31114796,0.02930124,0.01480582,0.340963,0.6901476,-0.4926703,-8.591549,0,0,40.58554,1,1,1000,1000
IMU,31154519,-0.02515529,-0.0380822,0.3459994,-0.8296125,0.704146,-11.00708,0,0,40.58556,1,1,1000,1000
IMU,31194446,-0.1499306,-0.1828388,0.3504029,1.275609,-0.6023327,-8.561016,0,0,40.58556,1,1,1000,1000
CTUN,31214566,0.3843115,0.0008182228,0.4079392,0.3218695,0.3177998,0.2739198,1.33,0.49,0.53,0,-3,-4,
ATT,31214618,-2.81,-1.34,2.25,3.48,37.33,38.07,0.04,1,,,,,
PRX,31214740,2,7.21,0,8.39,0,14.42,0,13.95,0,0,0,7.21,
IMU,31234545,-0.1888506,-0.2249038,0.3508112,-1.041254,0.8362636,-10.46531,0,0,40.58554,1,1,1000,1000
IMU,31274515,-0.04557226,-0.08724266,0.3451149,0.6115991,-0.8438481,-8.637535,0,0,40.58554,1,1,1000,1000
CTUN,31314637,0.4057509,0.0007301867,0.4123111,0.3218695,0.3066944,0.2745477,1.3,0.49,0.54,0,-5,-6,
ATT,31314690,-2.22,-1.5,2.78,3.08,39.33,40.09,0.05,1,,,,,
PRX,31314811,2,7.15,0,8.92,0,13.74,0,10.58,0,0,0,7.15,
IMU,31314818,0.08986489,0.06949358,0.3528463,-0.6971201,0.7713916,-10.01999,0,0,40.58554,1,1,1000,1000
IMU,31354702,0.1617725,0.09373048,0.358093,-0.3815103,0.6653866,-10.78464,0,0,40.58556,1,1,1000,1000
IMU,31394806,0.1776002,0.07410228,0.3664615,1.045297,-0.9666702,-8.22668,0,0,40.58556,1,1,1000,1000
CTUN,31414624,0.4267522,0.0008522868,0.4367397,0.3218695,0.2973965,0.2736331,1.25,0.49,0.56,0,-3,-7,
ATT,31414678,-1.32,-0.46,3.24,3.58,41.33,42.16,0.05,1,,,,,
PRX,31414798,2,7.16,0,9.75,0,23.37,0,9.43,0,0,0,7.16,
IMU,31434646,0.1621857,0.03895136,0.3702965,-0.5216774,1.434953,-11.36286,0,0,40.58552,1,1,1000,1000
IMU,31474552,0.1966907,0.008765211,0.3714269,0.992671,-0.8948362,-9.264277,0,0,40.58602,1,1,1000,1000
CTUN,31514573,0.4045652,0.0008508265,0.383241,0.3218695,0.2876884,0.2759531,1.19,0.49,0.56,0,-9,-7,
ATT,31514690,-0.64,0.67,3.28,3.65,43.33,44.31,0.04,1,,,,,
PRX,31514814,2,7.18,0,10.63,0,13.02,0,22.5,0,0,0,7.18,
IMU,31514821,0.1593781,-0.007817791,0.3693241,-0.2985972,-0.7157642,-8.752373,0,0,40.58698,1,1,1000,1000
IMU,31554619,-0.03301394,-0.1431962,0.3730821,1.308353,-1.101457,-9.306335,0,0,40.58768,1,1,1000,1000
IMU,31594576,-0.3879478,-0.2806949,0.3707708,-1.396318,0.7723625,-8.335773,0,0,40.5884,1,1,1000,1000
CTUN,31614598,0.4702309,0.0004512072,0.4124733,0.3218695,0.2763786,0.2772881,1.25,0.49,0.57,0,-11,-12,
ATT,31614653,-1.63,-0.44,2.68,2.46,45.33,46.41,0.04,1,,,,,
PRX,31614775,2,7.32,0,11.72,0,12.13,0,11.95,0,0,0,7.32,
IMU,31634966,-0.2926973,-0.1980342,0.3648815,1.043719,1.162085,-8.68568,0,0,40.58909,1,1,1000,1000
IMU,31674865,0.1727048,0.01810569,0.3619615,-0.3437198,-2.039535,-9.688005,0,0,40.58982,1,1,1000,1000
CTUN,31714565,0.4036514,0.0003346205,0.416566,0.3218695,0.2655784,0.2765984,1.33,0.49,0.58,0,-11,-12,
ATT,31714622,0.27,0.34,2.77,2.3,47.33,48.5,0.05,1,,,,,
PRX,31714743,2,7.56,0,13.1,0,11.3,0,8.53,0,0,0,7.56,
IMU,31714751,0.4487458,0.03081167,0.3640524,0.1899869,2.503956,-10.57618,0,0,40.59039,1,1,1000,1000
IMU,31754648,0.4681072,-0.02950554,0.369021,0.1791598,-1.043666,-10.05896,0,0,40.59123,1,1,1000,1000
IMU,31794571,0.3277211,-0.062192,0.3715381,-0.0386878,-0.2585586,-9.002884,0,0,40.59205,1,1,1000,1000
CTUN,31814648,0.3763495,0.0006378889,0.4059358,0.3218695,0.2567911,0.2774192,1.42,0.49,0.58,0,-12,-12,
ATT,31814703,1.77,2.67,2.32,1.98,49.33,50.62,0.05,1,,,,,
PRX,31814822,2,7.71,0,14.52,0,10.47,0,7.87,0,0,0,7.71,
IMU,31834616,0.2320065,-0.1083084,0.3600411,-0.1418175,-1.389652,-10.14507,0,0,40.59299,1,1,1000,1000
IMU,31874587,0.1497898,-0.1182841,0.3514452,0.1182372,-1.124117,-9.24756,0,0,40.59399,1,1,1000,1000
CTUN,31915611,0.407181,0.0009001791,0.406617,0.3218695,0.2472722,0.2755596,1.46,0.49,0.58,0,-14,-14,
ATT,31915696,2.65,3.61,1.81,1.2,51.33,52.62,0.05,1,,,,,
PRX,31915818,2,7.84,0,15.06,0,9.9,0,7.62,0,0,270,7.62,
IMU,31915825,0.08717345,-0.1102702,0.3507308,0.4896274,1.085812,-9.137622,0,0,40.59424,1,1,1000,1000
IMU,31954616,0.07060853,-0.1022313,0.3482839,-0.08731038,-0.801635,-9.656209,0,0,40.59458,1,1,1000,1000
IMU,31994926,0.04236024,-0.09925131,0.3480162,0.6034077,-0.1378708,-9.241042,0,0,40.59422,1,1,1000,1000
CTUN,32014584,0.4345863,0.001042545,0.427257,0.3218695,0.2385049,0.2742143,1.54,0.49,0.58,0,-13,-14,
ATT,32014640,3.15,3.93,1.33,0.51,53.33,54.55,0.05,1,,,,,
PRX,32014763,2,8.1,0,15.23,0,9.51,0,7.52,0,0,270,7.52,
IMU,32034541,0.01522742,-0.08708771,0.3388829,-0.407712,1.144766,-10.93816,0,0,40.59442,1,1,1000,1000
IMU,32074526,0.02311165,-0.07400727,0.3304369,0.9973134,-1.068024,-9.375039,0,0,40.59528,1,1,1000,1000
CTUN,32114598,0.4371938,0.001053333,0.4431214,0.3218695,0.2332508,0.2710453,1.57,0.49,0.58,0,-9,-13,
ATT,32114661,3.43,3.97,0.91,-0.03,55.33,56.42,0.05,1,,,,,
PRX,32114784,2,8.23,0,23.74,0,9.19,0,7.44,0,0,270,7.44,
IMU,32114792,-0.03024151,-0.04674834,0.3285093,-0.22186,-0.1984057,-10.04514,0,0,40.59613,1,1,1000,1000
IMU,32154487,-0.02729441,-0.06994644,0.325954,0.07130389,1.705437,-11.3958,0,0,40.59729,1,1,1000,1000
IMU,32195048,-0.03093863,-0.05067635,0.3173426,0.3550077,-1.092025,-10.07245,0,0,40.59793,1,1,1000,1000
CTUN,32214467,0.4355753,0.0009602308,0.3904349,0.3218695,0.2283193,0.2726394,1.56,0.49,0.58,0,-13,-11,
ATT,32214517,3.59,3.76,0.57,-0.49,57.33,58.25,0.05,1,,,,,
PRX,32214638,2,8.39,0,15.23,0,8.85,0,7.52,0,0,270,7.52,
IMU,32234441,-0.05510905,-0.02637622,0.3171984,-0.1727909,-0.2086732,-8.17736,0,0,40.59855,1,1,1000,1000
IMU,32274414,-0.04315268,-0.04235789,0.3164889,-0.4699481,-0.7785145,-10.91215,0,0,40.59882,1,1,1000,1000
CTUN,32314462,0.4564418,0.0008793473,0.4235105,0.3218695,0.222249,0.2716846,1.47,0.49,0.57,0,-14,-14,
ATT,32314511,3.67,3.46,0.34,-0.8,59.33,60.04,0.05,1,,,,,
PRX,32314630,2,8.53,0,14.63,0,8.64,0,7.47,0,0,270,7.47,
IMU,32314636,-0.04875571,-0.03313997,0.315978,-0.4587404,-0.255672,-7.823503,0,0,40.59954,1,1,1000,1000
IMU,32354590,-0.02779258,-0.03538121,0.3098367,1.261346,1.28624,-10.84237,0,0,40.59944,1,1,1000,1000
IMU,32394575,-0.04449782,-0.01663584,0.3130086,-0.06142625,-0.3842052,-8.108332,0,0,40.59938,1,1,1000,1000
CTUN,32414722,0.3996427,0.0006950498,0.4184803,0.3218695,0.2164628,0.2677867,1.45,0.49,0.58,0,-14,-13,
ATT,32414778,3.71,3.19,0.16,-1.07,61.33,61.84,0.05,1,,,,,
PRX,32414933,2,8.47,0,16.19,0,8.39,0,7.57,0,0,270,7.57,
IMU,32435063,-0.05763799,0.01400383,0.3159868,0.1387427,-0.05160093,-7.605788,0,0,40.59949,1,1,1000,1000
IMU,32474860,-0.03639469,0.01669205,0.319377,0.7900468,-0.2299087,-11.21859,0,0,40.59935,1,1,1000,1000
CTUN,32514521,0.4335309,0.0006456971,0.4123781,0.3218695,0.2107585,0.2680428,1.43,0.49,0.57,0,-15,-13,
ATT,32514633,3.72,2.91,0.03,-1.11,63.33,63.66,0.05,1,,,,,
PRX,32514757,2,8.49,0,14.1,0,8.3,0,7.79,0,0,270,7.79,
IMU,32514764,-0.0383719,0.008010302,0.3117698,-0.5754355,0.7918578,-9.869734,0,0,40.59935,1,1,1000,1000
IMU,32554424,-0.0139796,0.03901811,0.3238933,0.7809089,-0.5128013,-8.153853,0,0,40.59921,1,1,1000,1000
IMU,32594463,-0.02445869,0.04477268,0.32596,-0.2230342,-0.2676138,-11.35717,0,0,40.59855,1,1,1000,1000
CTUN,32614656,0.5091002,0.0006533861,0.4312305,0.3218695,0.2057127,0.2650405,1.38,0.49,0.58,0,-13,-14,
ATT,32614712,3.73,2.73,-0.07,-0.97,65.33,65.47,0.05,1,,,,,
PRX,32614834,2,8.42,0,13.67,0,8.15,0,8.06,0,0,270,8.06,
IMU,32634419,-0.02970862,0.0344834,0.3331656,-0.2788111,0.8549548,-8.499712,0,0,40.59681,1,1,1000,1000
IMU,32675175,-0.01109858,0.04204229,0.3310292,0.6206211,-1.255415,-9.761231,0,0,40.59391,1,1,1000,1000
CTUN,32714866,0.4342555,0.0004926324,0.4428221,0.3218695,0.2029671,0.2649197,1.3,0.49,0.6,0,-11,-12,
ATT,32714925,3.74,2.59,-0.12,-0.83,67.33,67.42,0.05,1,,,,,
PRX,32715045,2,8.31,0,13.31,0,8.06,0,8.28,0,0,180,8.06,
IMU,32715053,-0.009879805,0.03989365,0.3314939,-0.228453,-0.08411717,-11.51232,0,0,40.59126,1,1,1000,1000
IMU,32754787,-0.01732441,0.04304969,0.3478957,-0.4411116,1.055457,-9.133661,0,0,40.58689,1,1,1000,1000
IMU,32794478,0.01486198,0.05324903,0.3449015,0.3142259,-0.9746408,-9.913812,0,0,40.57888,1,1,1000,1000
CTUN,32814502,0.3629559,0.0003843904,0.4121484,0.3218695,0.2021701,0.2679307,1.3,0.49,0.61,0,-11,-9,
ATT,32814555,3.74,2.55,-0.15,-0.65,69.33,69.39,0.05,1,,,,,
PRX,32814677,2,8.29,0,12.83,0,8.07,0,8.55,0,0,180,8.07,
IMU,32834655,-0.004857198,0.05325626,0.3443438,0.1638887,-0.5815044,-10.98877,0,0,40.56881,1,1,1000,1000
IMU,32874406,-0.02316161,0.05324423,0.3566004,-0.3115768,1.435675,-8.445091,0,0,40.55761,1,1,1000,1000
CTUN,32914520,0.4595548,0.0004377663,0.4139474,0.3218695,0.1998679,0.2718088,1.45,0.49,0.59,0,-13,-11,
ATT,32914572,3.74,2.45,-0.16,-0.45,71.33,71.42,0.05,1,,,,,
PRX,32914693,2,8.2,0,12.64,0,8.06,0,8.8,0,0,180,8.06,
IMU,32914700,0.0009581548,0.05231094,0.3565849,0.1562416,-2.149985,-9.762381,0,0,40.54601,1,1,1000,1000
IMU,32954468,-0.01137695,0.05670104,0.3605564,-0.2195044,1.294336,-8.763534,0,0,40.53375,1,1,1000,1000
IMU,32994581,-0.000659365,0.05667802,0.3599015,-0.02787634,-0.8378277,-10.41679,0,0,40.52166,1,1,1000,1000
CTUN,33014579,0.432775,0.0003872514,0.4250481,0.3218695,0.1974171,0.2748851,1.6,0.49,0.6,0,-14,-13,
ATT,33014634,3.55,2.41,-0.11,-0.22,73.33,73.48,0.05,1,,,,,
PRX,33014755,2,8.11,0,12.07,0,8.08,0,9.11,0,0,180,8.08,
IMU,33035976,-0.02596072,0.06674528,0.3646771,0.1116667,-0.4794022,-9.501373,0,0,40.51036,1,1,1000,1000
IMU,33074540,-0.07602996,0.0500479,0.3726651,0.2256801,1.485632,-9.740394,0,0,40.49972,1,1,1000,1000
CTUN,33114559,0.4239115,0.0002577305,0.4082181,0.3218695,0.1942855,0.2761998,1.52,0.49,0.61,0,-17,-14,
ATT,33114613,2.97,1.99,0,0.01,75.33,75.58,0.04,1,,,,,
PRX,33114736,2,7.95,0,11.52,0,8.14,0,9.34,0,0,0,7.95,
IMU,33114744,-0.0960886,0.05981454,0.3649365,-0.3970816,-1.970701,-9.691869,0,0,40.48995,1,1,1000,1000
IMU,33154536,-0.119936,0.07307901,0.3622509,0.4187024,1.020818,-8.372079,0,0,40.48134,1,1,1000,1000
IMU,33194596,-0.1022348,0.07510299,0.3587843,-0.5917498,-1.886233,-9.665339,0,0,40.47245,1,1,1000,1000
CTUN,33214552,0.4682337,0.0001387,0.4242596,0.3218695,0.1898878,0.2739151,1.56,0.49,0.6,0,-17,-17,
ATT,33214608,2.27,1.35,0.19,0.34,77.33,77.64,0.04,1,,,,,
PRX,33214731,2,7.64,0,11.02,0,8.28,0,9.72,0,0,0,7.64,
IMU,33234550,-0.1109367,0.0879162,0.3631566,0.5912478,-0.4123248,-7.931534,0,0,40.46159,1,1,1000,1000
IMU,33274714,-0.1370027,0.07781075,0.3620996,0.06467988,0.8300599,-11.48699,0,0,40.45001,1,1,1000,1000
CTUN,33314609,0.4820516,6.82E-05,0.4360548,0.3218695,0.18602,0.2701254,1.73,0.49,0.6,0,-16,-17,
ATT,33314665,1.36,0.57,0.5,0.77,79.33,79.7,0.03,1,,,,,
PRX,33314787,2,7.45,0,10.29,0,8.41,0,10.3,0,0,0,7.45,
IMU,33314794,-0.1609398,0.08308223,0.3607412,-0.5917718,-1.300598,-9.10408,0,0,40.43761,1,1,1000,1000
IMU,33354518,-0.1693048,0.08791219,0.3565291,1.00138,0.6239519,-9.32234,0,0,40.42549,1,1,1000,1000
IMU,33394723,-0.1520507,0.07158588,0.3443103,0.08229581,0.327635,-11.68724,0,0,40.41405,1,1,1000,1000
CTUN,33415131,0.4301167,9.71E-05,0.4431428,0.3218695,0.1840173,0.2704594,1.72,0.49,0.61,0,-14,-14,
ATT,33415187,0.49,-0.31,0.77,1.17,81.33,81.71,0.03,1,,,,,
PRX,33415427,2,7.44,0,9.93,0,8.58,0,11.06,0,0,0,7.44,
IMU,33434517,-0.1338634,0.03910377,0.3518187,-0.6207883,-0.977554,-9.994022,0,0,40.40292,1,1,1000,1000
IMU,33475239,-0.156674,0.03762178,0.346943,0.5249708,-0.04206786,-8.568594,0,0,40.39196,1,1,1000,1000
CTUN,33514591,0.432245,0.0002092421,0.4204744,0.3218695,0.1836205,0.270299,1.65,0.49,0.6,0,-14,-13,
ATT,33514708,-0.45,-1.12,0.99,1.37,83.33,83.65,0.03,1,,,,,
PRX,33514864,2,7.41,0,9.5,0,8.76,0,11.57,0,0,0,7.41,
IMU,33514872,-0.1634144,0.01178353,0.3446253,-0.678646,-0.3761326,-11.4538,0,0,40.38239,1,1,1000,1000
IMU,33554930,-0.178609,0.02001864,0.3357326,-0.8956631,-0.5931091,-8.407711,0,0,40.37326,1,1,1000,1000
IMU,33594634,-0.1678794,0.02218158,0.326633,1.551717,-0.01252084,-9.964725,0,0,40.36538,1,1,1000,1000
CTUN,33614557,0.4133194,0.0004149079,0.4272017,0.3220744,0.1834162,0.2770241,1.67,0.49,0.59,0,-14,-13,
ATT,33614611,-1.41,-2.04,1.19,1.55,85.33,85.49,0.03,1,,,,,
PRX,33614732,2,7.36,0,9.15,0,8.84,0,11.89,0,0,0,7.36,
IMU,33634540,-0.1469239,0.02224392,0.3228677,-1.131916,0.3599073,-10.29318,0,0,40.35858,1,1,1000,1000
IMU,33674547,-0.09837632,0.04104606,0.3239341,0.7548751,0.05021446,-8.761706,0,0,40.35309,1,1,1000,1000
CTUN,33714581,0.4125741,0.0006537735,0.4167755,0.3230372,0.1834162,0.2849154,1.58,0.49,0.59,0,-16,-13,
ATT,33714637,-2.29,-2.66,1.37,1.81,87.33,87.31,0.04,1,,,,,
PRX,33714758,2,7.32,0,8.79,0,9,0,12.64,0,0,0,7.32,
IMU,33714766,-0.1180463,0.03399311,0.3271606,-0.1804667,-0.6248684,-10.88984,0,0,40.34948,1,1,1000,1000
IMU,33755523,-0.13929,0.01085532,0.3320802,-0.9041774,-0.118103,-8.573834,0,0,40.34681,1,1,1000,1000
IMU,33795267,-0.09115396,-0.02464781,0.3310038,1.600903,-0.06717165,-10.07225,0,0,40.34533,1,1,1000,1000
CTUN,33814664,0.4291147,0.0009197593,0.4266442,0.3230372,0.1835263,0.2864366,1.57,0.49,0.6,0,-16,-15,
ATT,33814720,-2.91,-3.25,1.29,1.85,89.33,89.18,0.04,1,,,,,
PRX,33814872,2,7.29,0,8.36,0,9.12,0,23.2,0,0,0,7.29,
IMU,33834779,-0.0647608,-0.07776404,0.3368448,-0.6010664,-0.4914826,-10.16494,0,0,40.34436,1,1,1000,1000
IMU,33877027,-0.0565042,-0.1419984,0.3530651,-0.5567369,-0.3336392,-8.021293,0,0,40.34371,1,1,1000,1000
CTUN,33915032,0.4096364,0.0008707345,0.4258442,0.3240845,0.1835263,0.2857428,1.59,0.49,0.59,0,-16,-15,
ATT,33915090,-3.32,-3.49,0.84,1.3,91.33,91.15,0.04,1,,,,,
PRX,33915220,2,7.37,0,8.1,0,9.29,0,25.87,0,0,0,7.37,
IMU,33915227,-0.0372915,-0.1369567,0.3532757,0.6225467,0.04554906,-10.6697,0,0,40.34327,1,1,1000,1000
IMU,33955011,-0.03597851,-0.0981314,0.3566475,-0.7916274,-0.7128334,-8.782038,0,0,40.34288,1,1,1000,1000
IMU,33994984,0.009618799,-0.05742199,0.3516641,1.509646,0.2951936,-9.747313,0,0,40.34303,1,1,1000,1000
CTUN,34014997,0.430405,0.0008895397,0.4329097,0.3250751,0.1835263,0.2857714,1.51,0.49,0.57,0,-16,-16,
ATT,34015053,-3.51,-3.55,0.7,0.95,93.33,93.13,0.04,1,,,,,
PRX,34015174,2,7.41,0,7.8,0,9.35,0,24.04,0,0,0,7.41,
IMU,34034961,-0.01524139,-0.07855312,0.3601786,-0.5474742,-0.2871581,-10.86038,0,0,40.34372,1,1,1000,1000
IMU,34075016,0.004142232,-0.05378335,0.3595927,-0.7992605,-0.5369238,-8.174559,0,0,40.3444,1,1,1000,1000
CTUN,34115533,0.4205485,0.000811249,0.4413143,0.3250751,0.1839751,0.2805192,1.46,0.49,0.57,0,-14,-15,
ATT,34115595,-3.62,-3.48,0.56,0.68,95.33,95.19,0.05,1,,,,,
PRX,34115747,2,7.46,0,7.76,0,9.55,0,25.91,0,0,0,7.46,
IMU,34115754,0.01615844,-0.07799603,0.3651244,1.404351,0.5350438,-10.72972,0,0,40.34441,1,1,1000,1000
IMU,34155023,0.01015093,-0.04236311,0.3576667,-0.7345639,-0.2663358,-11.14278,0,0,40.34431,1,1,1000,1000
IMU,34194802,-0.0312265,-0.01856295,0.3501173,-0.535558,-0.6457314,-8.50003,0,0,40.34421,1,1,1000,1000
CTUN,34214904,0.4542528,0.0008873343,0.4529729,0.3250751,0.186604,0.2769257,1.27,0.49,0.56,0,-10,-13,
ATT,34214955,-3.67,-3.52,0.49,0.6,97.33,97.21,0.05,1,,,,,
PRX,34215073,2,7.5,0,7.82,0,9.68,0,17.19,0,0,0,7.5,
IMU,34234879,-0.01564804,-0.03842913,0.3664654,1.453238,0.6127291,-10.63998,0,0,40.34388,1,1,1000,1000
IMU,34275780,-0.05009497,-0.06246636,0.3871741,-0.8247203,-0.1818376,-11.85412,0,0,40.34358,1,1,1000,1000
CTUN,34314964,0.4650714,0.001023442,0.4256443,0.3250751,0.1910721,0.2811087,1.33,0.49,0.55,0,-9,-8,
ATT,34315019,-3.68,-3.75,0.58,0.59,99.33,99.29,0.05,1,,,,,
PRX,34315139,2,7.49,0,7.84,0,9.84,0,25.6,0,0,0,7.49,
IMU,34315146,-0.0469017,0.04073973,0.3648615,-0.4217327,-0.4627342,-8.796336,0,0,40.34278,1,1,1000,1000
IMU,34355171,-0.003835798,0.005500906,0.3748754,1.087442,0.07627585,-8.262656,0,0,40.34221,1,1,1000,1000
IMU,34394980,0.01647302,-0.03192474,0.3623196,-0.9016707,-0.2789762,-11.3199,0,0,40.34093,1,1,1000,1000
CTUN,34415022,0.4495459,0.0009963512,0.4258859,0.3250751,0.1959915,0.2869446,1.35,0.49,0.55,0,-9,-7,
ATT,34415075,-3.69,-3.74,0.54,0.68,101.33,101.36,0.05,1,,,,,
PRX,34415197,2,7.53,0,7.94,0,10.06,0,25.98,0,0,0,7.53,
IMU,34435695,0.01565444,-0.01532532,0.3582407,1.206202,0.2464563,-9.222427,0,0,40.33936,1,1,1000,1000
IMU,34475676,0.01895924,-0.03123584,0.3512257,0.739133,0.4051745,-11.11051,0,0,40.33692,1,1,1000,1000
CTUN,34515222,0.4958894,0.001024216,0.442858,0.3250751,0.2014287,0.2917376,1.41,0.49,0.56,0,-8,-7,
ATT,34515439,-3.7,-3.62,0.54,0.64,103.33,103.33,0.06,1,,,,,
PRX,34515564,2,7.51,0,8.1,0,10.25,0,25.99,0,0,0,7.51,
IMU,34515571,0.02704674,-0.03955918,0.3447273,-0.5611383,-0.134966,-9.590734,0,0,40.33346,1,1,1000,1000
IMU,34554918,0.04062347,-0.02545251,0.3294486,0.9269145,0.03626046,-8.746226,0,0,40.32861,1,1,1000,1000
IMU,34595233,0.02785556,-0.01511409,0.3447851,0.04404458,0.3458684,-11.54914,0,0,40.32234,1,1,1000,1000
CTUN,34614881,0.4248731,0.0007721484,0.4149206,0.3250751,0.2068641,0.2987967,1.53,0.49,0.56,0,-9,-6,
ATT,34614930,-3.65,-3.38,0.76,0.65,105.33,105.22,0.06,1,,,,,
PRX,34615048,2,7.45,0,8.35,0,10.59,0,23.95,0,0,0,7.45,
IMU,34634816,0.0565803,0.0531785,0.3337156,-0.4777943,0.02123129,-9.339457,0,0,40.31519,1,1,1000,1000
IMU,34674856,0.08542234,0.02914172,0.3316509,0.8466998,-0.2134699,-9.005088,0,0,40.30655,1,1,1000,1000
CTUN,34715007,0.4328442,0.0006445348,0.4355771,0.3250751,0.2119696,0.3041687,1.49,0.49,0.56,0,-9,-8,
ATT,34715062,-3.47,-2.96,1.22,0.98,107.33,107.1,0.06,1,,,,,
PRX,34715183,2,7.38,0,8.51,0,10.96,0,13.21,0,0,0,7.38,
IMU,34715406,0.07594215,0.04546992,0.3378916,-0.7856251,0.8481649,-11.24183,0,0,40.29691,1,1,1000,1000
IMU,34754951,0.1289227,0.1244101,0.3284615,0.8406199,-1.059394,-7.875619,0,0,40.28761,1,1,1000,1000
IMU,34794974,0.1318524,0.1522052,0.337998,-0.3150368,0.639312,-10.51781,0,0,40.27779,1,1,1000,1000
CTUN,34815079,0.413683,0.0005224049,0.4310147,0.3250751,0.2171866,0.3105541,1.48,0.49,0.56,0,-9,-7,
ATT,34815135,-2.97,-2.24,2.01,1.79,109.33,108.97,0.06,1,,,,,
PRX,34815253,2,7.36,0,9.2,0,11.25,0,11.84,0,0,0,7.36,
IMU,34834826,0.1381405,0.1529031,0.3534354,-0.05970236,-0.02182053,-10.05195,0,0,40.26785,1,1,1000,1000
IMU,34874929,0.1767087,0.1266404,0.3727324,0.3102982,-0.9406013,-9.058635,0,0,40.2583,1,1,1000,1000
CTUN,34914994,0.4241506,0.000543654,0.425326,0.3250751,0.2223855,0.3153222,1.39,0.49,0.56,0,-9,-8,
ATT,34915050,-2.21,-1.22,2.73,2.62,111.33,110.97,0.05,1,,,,,
PRX,34915170,2,7.35,0,9.57,0,11.9,0,10.72,0,0,0,7.35,
IMU,34915177,0.1816974,0.106099,0.3733988,-0.5599678,1.634263,-10.1628,0,0,40.24944,1,1,1000,1000
IMU,34954977,0.2269671,0.1108686,0.3653805,1.310554,-1.041411,-9.96011,0,0,40.24157,1,1,1000,1000
IMU,34994943,0.1701619,0.1054107,0.3639433,-1.155101,0.554148,-9.372374,0,0,40.23443,1,1,1000,1000
CTUN,35014977,0.4355949,0.0006755292,0.4338821,0.3250751,0.2274437,0.3176511,1.5,0.49,0.55,0,-9,-9,
ATT,35015032,-1.34,-0.03,3.22,3.18,113.33,113.07,0.05,1,,,,,
PRX,35015151,2,7.32,0,10.09,0,12.28,0,9.58,0,0,0,7.32,
IMU,35034983,0.1819274,0.08297002,0.3729438,0.8742636,0.4534884,-9.10806,0,0,40.22863,1,1,1000,1000
IMU,35074985,0.1814135,0.03303263,0.3924173,-0.6218758,-0.3314049,-11.01206,0,0,40.22397,1,1,1000,1000
CTUN,35115017,0.3963492,0.0008146167,0.4320089,0.3250751,0.2325397,0.3184436,1.65,0.49,0.56,0,-9,-9,
ATT,35115072,-0.34,1.1,3.45,3.5,115.33,115.16,0.05,1,,,,,
PRX,35115193,2,7.4,0,10.59,0,12.82,0,9.13,0,0,0,7.4,
IMU,35115200,0.1819024,0.06318901,0.3686038,0.3625542,0.436053,-8.399927,0,0,40.22006,1,1,1000,1000
IMU,35155882,0.1495999,-0.006922578,0.4017794,1.037388,0.1902459,-9.959671,0,0,40.21662,1,1,1000,1000
IMU,35194996,0.1204195,-0.004577136,0.3841809,-0.7617512,0.4558755,-10.89189,0,0,40.21338,1,1,1000,1000
CTUN,35215093,0.5261835,0.001267195,0.4400008,0.3250751,0.236816,0.3207912,1.62,0.49,0.55,0,-8,-9,
ATT,35215148,0.44,1.99,3.5,3.43,117.33,117.38,0.05,1,,,,,
PRX,35215267,2,7.5,0,11.21,0,13.3,0,8.55,0,0,0,7.5,
IMU,35235069,0.1098741,-0.0002935267,0.3811809,0.7817901,-0.6205615,-7.800457,0,0,40.20944,1,1,1000,1000
IMU,35274995,0.06912305,-0.03653932,0.3981103,-0.5638778,0.9263773,-11.19955,0,0,40.20492,1,1,1000,1000
CTUN,35315005,0.4584695,0.00122124,0.4431071,0.3250751,0.2416633,0.3202437,1.55,0.49,0.56,0,-8,-8,
ATT,35315058,1.12,2.66,3.39,3.21,119.33,119.59,0.05,1,,,,,
PRX,35315178,2,7.72,0,11.79,0,13.63,0,8.23,0,0,0,7.72,
IMU,35315186,0.125441,-0.01448249,0.3804512,1.012095,-0.8473023,-9.306391,0,0,40.19889,1,1,1000,1000
IMU,35354986,0.1193108,-0.05082178,0.3967419,0.3529259,-2.007833,-8.833012,0,0,40.19296,1,1,1000,1000
IMU,35394956,0.02266693,-0.07612076,0.4087521,-0.3589219,2.276523,-10.07391,0,0,40.18789,1,1,1000,1000
CTUN,35415014,0.4332232,0.001178741,0.4327971,0.3250751,0.2457461,0.3211244,1.59,0.49,0.56,0,-8,-7,
ATT,35415068,1.64,3.18,3.23,2.77,121.33,121.87,0.05,1,,,,,
PRX,35415187,2,8.03,0,12.58,0,14.02,0,7.98,0,0,270,7.98,
IMU,35435073,0.03243512,-0.05307175,0.4160158,-0.05101847,-2.622687,-9.528155,0,0,40.18181,1,1,1000,1000
IMU,35474948,0.01032477,-0.04784852,0.410814,0.2082651,1.92713,-9.145325,0,0,40.17518,1,1,1000,1000
CTUN,35515025,0.4253381,0.001132488,0.4269505,0.3250751,0.249402,0.3220416,1.67,0.49,0.55,0,-8,-8,
ATT,35515142,2.08,3.4,3,2.41,123.33,124.19,0.06,1,,,,,
PRX,35515263,2,9.02,0,13.28,0,14.16,0,7.81,0,0,270,7.81,
IMU,35515271,0.02934606,-0.04109916,0.4070277,-0.03937201,1.321979,-9.612202,0,0,40.16759,1,1,1000,1000
IMU,35555094,0.0375496,-0.03266505,0.3945215,-0.228654,-1.021994,-10.095,0,0,40.1601,1,1,1000,1000
IMU,35594989,0.02020583,-0.07488586,0.4076386,0.07592802,0.2101681,-9.576138,0,0,40.15264,1,1,1000,1000
CTUN,35615114,0.4289757,0.001110405,0.4306394,0.3250751,0.2526047,0.3206906,1.64,0.49,0.55,0,-8,-8,
ATT,35615169,2.49,3.61,2.68,1.98,125.33,126.41,0.06,1,,,,,
PRX,35615290,2,9.76,0,13.5,0,13.55,0,7.8,0,0,270,7.8,
IMU,35635470,0.01140225,-0.06687646,0.4065333,-0.1926264,1.194134,-10.4446,0,0,40.14656,1,1,1000,1000
IMU,35674953,0.0349967,-0.05691212,0.4079008,0.9707357,-1.776336,-9.598127,0,0,40.14172,1,1,1000,1000
CTUN,35715133,0.4552987,0.0011774,0.4382359,0.3250751,0.2553998,0.3216363,1.62,0.49,0.54,0,-7,-8,
ATT,35715189,2.82,3.83,2.36,1.5,127.33,128.71,0.06,1,,,,,
PRX,35715308,2,10.35,0,13.19,0,13.49,0,7.9,0,0,270,7.9,
IMU,35715316,0.01088715,-0.06675979,0.4153012,-0.4552281,0.1311766,-9.358673,0,0,40.13853,1,1,1000,1000
IMU,35754952,0.006929391,-0.04785561,0.4028434,0.257032,0.5780476,-10.85388,0,0,40.13724,1,1,1000,1000
IMU,35795000,0.01617115,-0.0282701,0.388071,-0.01631738,-2.037064,-9.882373,0,0,40.13783,1,1,1000,1000
CTUN,35814996,0.4047669,0.000988245,0.4330898,0.3250751,0.2590118,0.3227676,1.72,0.49,0.54,0,-6,-7,
ATT,35815052,3.1,3.84,1.96,1.11,129.33,130.93,0.06,1,,,,,
PRX,35815173,2,11.57,0,12.65,0,13.11,0,8.09,0,0,270,8.09,
IMU,35834959,0.004834142,-0.05791472,0.3922813,0.4826898,0.5865896,-8.808834,0,0,40.14011,1,1,1000,1000
IMU,35874975,0.01294744,-0.1027703,0.3900551,-0.4708718,0.4756906,-12.0344,0,0,40.14274,1,1,1000,1000
CTUN,35914988,0.4822915,0.001162112,0.445867,0.3250751,0.2624886,0.3235269,1.82,0.49,0.54,0,-6,-7,
ATT,35915040,3.4,3.96,1.23,0.27,131.33,133.17,0.06,1,,,,,
PRX,35915161,2,12.16,0,13.78,0,12.74,0,8.29,0,0,270,8.29,
IMU,35915168,0.0449702,-0.1550417,0.3782592,0.5933695,-0.3978714,-8.636635,0,0,40.14484,1,1,1000,1000
IMU,35954904,-0.009865487,-0.1340777,0.3690141,-0.1167585,-0.4206018,-10.51882,0,0,40.14477,1,1,1000,1000
IMU,35994953,-0.02145915,-0.09607412,0.3436963,0.8252327,1.530547,-10.92869,0,0,40.14228,1,1,1000,1000
CTUN,36014913,0.4456981,0.001029164,0.4392899,0.3250751,0.2654983,0.3238373,1.66,0.49,0.59,0,-6,-6,
ATT,36014963,3.15,3.84,0.9,-0.58,133.33,135.2,0.06,1,,,,,
PRX,36015083,2,12.7,0,10.94,0,23.17,0,8.66,0,0,270,8.66,
IMU,36034970,-0.1373406,-0.09272174,0.3558814,-0.8825929,-0.8461714,-9.737407,0,0,40.13922,1,1,1000,1000
IMU,36074976,-0.3455108,0.2475215,0.3217773,0.2737552,-1.225891,-8.421603,0,0,40.13586,1,1,1000,1000
CTUN,36115025,0.4576136,0.0003109872,0.4397238,0.3250751,0.2681993,0.3232629,1.71,0.49,0.54,0,-5,-6,
ATT,36115079,1.94,2.08,2.05,0.34,135.33,137.12,0.06,1,,,,,
PRX,36115198,2,12.86,0,9.93,0,14.94,0,8.95,0,0,270,8.95,
IMU,36115206,-0.3908831,0.3137678,0.3069832,0.527447,0.4721019,-10.70114,0,0,40.13248,1,1,1000,1000
IMU,36155074,-0.2360775,0.1407137,0.290886,0.2440545,1.215966,-9.551246,0,0,40.12985,1,1,1000,1000
IMU,36194901,-0.1998465,0.0980772,0.3004476,-0.2782086,-0.4977646,-10.04065,0,0,40.1272,1,1,1000,1000
CTUN,36214907,0.4588042,0.000120759,0.4457358,0.3250751,0.271018,0.3230747,1.83,0.49,0.52,0,-5,-6,
ATT,36214957,1.06,0.81,1.87,1.03,137.33,138.83,0.06,1,,,,,
PRX,36215076,2,23.23,0,9.29,0,14.28,0,9.28,0,0,270,9.28,
IMU,36234935,-0.1781705,-0.03539511,0.2863979,1.669525,-0.8143923,-9.18992,0,0,40.12487,1,1,1000,1000
IMU,36274920,-0.1509853,-0.5076194,0.2834303,-0.24018,1.218045,-9.841138,0,0,40.12253,1,1,1000,1000
CTUN,36314945,0.436133,9.64E-05,0.451023,0.3250751,0.2750004,0.3253233,1.69,0.49,0.54,0,-3,-4,
ATT,36314997,0.12,-0.12,-0.17,-1.19,139.33,140.46,0.06,1,,,,,
PRX,36315115,2,12.52,0,8.18,0,11.51,0,9.69,0,0,90,8.18,
IMU,36315123,-0.1869556,-0.471215,0.2718465,-0.2415588,-0.2251422,-10.90999,0,0,40.11937,1,1,1000,1000
IMU,36354807,-0.3069761,-0.2348978,0.2795926,0.321165,-1.572781,-9.370804,0,0,40.11612,1,1,1000,1000
IMU,36394970,-0.3239554,-0.08459305,0.2837557,-0.4874483,-0.4758292,-9.185764,0,0,40.11317,1,1,1000,1000
CTUN,36415030,0.4173882,0.000543505,0.4233336,0.3250751,0.2791182,0.3281859,1.68,0.49,0.52,0,-4,-3,
ATT,36415082,-0.56,-1.88,-1.32,-2.23,141.33,142.09,0.05,1,,,,,
PRX,36415201,2,14.52,0,7.57,0,11.31,0,10.09,0,0,90,7.57,
IMU,36435024,-0.1512076,-0.2179063,0.2881085,0.6829209,1.679927,-11.15144,0,0,40.11027,1,1,1000,1000
IMU,36475013,-0.144374,-0.1927002,0.3031641,-0.7694827,-1.598908,-8.038781,0,0,40.10735,1,1,1000,1000
CTUN,36514970,0.4124441,0.001114726,0.4307586,0.3250751,0.282886,0.331503,1.74,0.49,0.53,0,-4,-3,
ATT,36515084,-1.82,-2.93,-1.53,-3.02,143.33,143.8,0.05,1,,,,,
PRX,36515203,2,12.01,0,6.83,0,11.16,0,10.7,0,0,90,6.83,
IMU,36515210,-0.2304524,-0.002876386,0.2889689,0.1597707,0.04979081,-8.648775,0,0,40.10424,1,1,1000,1000
IMU,36554820,-0.2679777,0.1161957,0.3067573,0.6276319,0.5867935,-11.1046,0,0,40.10146,1,1,1000,1000
IMU,36594816,-0.2061519,0.1333567,0.3023767,-0.8219725,-0.422328,-10.32078,0,0,40.09803,1,1,1000,1000
CTUN,36615024,0.491982,0.00179413,0.4282586,0.3250751,0.2859645,0.3349465,1.8,0.49,0.52,0,-4,-3,
ATT,36615077,-2.76,-4.34,-1.09,-2.24,145.33,145.51,0.06,1,,,,,
PRX,36615198,2,11.73,0,6.36,0,11.07,0,11.07,0,0,90,6.36,
IMU,36634865,-0.114645,0.1183532,0.3223869,0.799079,0.2034366,-7.459526,0,0,40.09483,1,1,1000,1000
IMU,36674811,-0.03985667,0.05770353,0.3338915,-0.5603116,-0.4441041,-11.80786,0,0,40.09181,1,1,1000,1000
CTUN,36716044,0.443949,0.001717597,0.4338604,0.3250751,0.2897749,0.3379346,1.78,0.49,0.53,0,-4,-3,
ATT,36716100,-3.25,-4.76,-0.72,-1.61,147.33,147.35,0.06,1,,,,,
PRX,36716221,2,11.32,0,5.82,0,11.06,0,11.34,0,0,90,5.82,
IMU,36716229,-0.04525295,0.09124449,0.3220746,-0.3061433,0.6974072,-9.074119,0,0,40.08876,1,1,1000,1000
IMU,36754977,0.02534143,0.113849,0.3143367,0.6435715,-1.006625,-10.01887,0,0,40.08564,1,1,1000,1000
IMU,36795017,-0.01270434,0.07681191,0.3321357,-0.2796634,-0.4683609,-11.07051,0,0,40.08208,1,1,1000,1000
CTUN,36815009,0.4837128,0.001761824,0.4257591,0.3250751,0.292649,0.3407654,1.77,0.49,0.53,0,-4,-4,
ATT,36815064,-3.5,-4.79,-0.4,-0.92,149.33,149.17,0.07,1,,,,,
PRX,36815183,2,11.04,0,5.5,0,11.05,0,11.3,0,0,90,5.5,
IMU,36834928,-0.01357889,0.0925182,0.3324487,0.129919,-0.541522,-8.68684,0,0,40.07809,1,1,1000,1000
IMU,36874955,0.01401253,0.08203673,0.3339077,0.8518851,-1.42858,-11.33482,0,0,40.07178,1,1,1000,1000
CTUN,36915008,0.4640864,0.001611412,0.4488077,0.3250751,0.2952764,0.3416113,1.72,0.49,0.53,0,-4,-4,
ATT,36915061,-3.62,-4.74,-0.18,-0.45,151.33,151.12,0.07,1,,,,,
PRX,36915181,2,10.91,0,5.23,0,11.05,0,11.5,0,0,90,5.23,
IMU,36915188,0.02698926,0.01544751,0.3562445,-0.2304666,1.509499,-9.949867,0,0,40.06432,1,1,1000,1000
IMU,36954969,0.08308898,0.06663485,0.3406539,-0.4687499,-1.02082,-9.117066,0,0,40.05481,1,1,1000,1000
IMU,36994937,0.07869162,0.0008096008,0.363692,-0.1345401,-0.1435366,-11.25884,0,0,40.04382,1,1,1000,1000
CTUN,37015025,0.4498209,0.001316696,0.4367477,0.3250751,0.2977363,0.3439055,1.72,0.49,0.52,0,-4,-3,
ATT,37015198,-3.68,-4.37,0,-0.14,153.33,153.1,0.07,1,,,,,
PRX,37015430,2,10.59,0,5.02,0,11.17,0,11.33,0,0,90,5.02,
IMU,37034926,0.01563162,0.009775362,0.3689256,-0.511259,-1.141836,-8.43296,0,0,40.03332,1,1,1000,1000
IMU,37074967,0.08713234,0.04381943,0.3558696,0.3752343,-0.3365723,-10.46108,0,0,40.02223,1,1,1000,1000
CTUN,37115007,0.4068904,0.001003534,0.4360953,0.3250751,0.3003517,0.3460805,1.74,0.49,0.53,0,-4,-3,
ATT,37115062,-3.7,-4.01,0.19,0.09,155.33,155.25,0.07,1,,,,,
PRX,37115187,2,10.36,0,4.91,0,11.22,0,11.44,0,0,90,4.91,
IMU,37115195,0.07294524,-0.03028704,0.4002448,0.6564101,1.095596,-10.69904,0,0,40.01064,1,1,1000,1000
IMU,37155054,0.03510877,-0.005106556,0.4003796,-1.017024,-0.9045535,-9.354045,0,0,39.99984,1,1,1000,1000
IMU,37194958,0.03046447,0.03576067,0.3866497,0.5073196,0.1453412,-8.98336,0,0,39.99043,1,1,1000,1000
CTUN,37215003,0.393883,0.0008559823,0.4264274,0.3250751,0.3026494,0.3472996,1.76,0.49,0.53,0,-4,-2,
ATT,37215057,-3.71,-3.76,0.32,0.29,157.33,157.47,0.07,1,,,,,
PRX,37215177,2,10.59,0,4.93,0,11.32,0,11.4,0,0,90,4.93,
IMU,37234982,0.05687637,0.007409435,0.3900852,-0.3540427,-0.4231653,-11.16679,0,0,39.98227,1,1,1000,1000
IMU,37275021,0.04906869,0.01004493,0.3767504,0.8030767,0.4365153,-8.657533,0,0,39.97446,1,1,1000,1000
CTUN,37315023,0.402728,0.0007699132,0.4363178,0.3250751,0.3047666,0.3482487,1.77,0.49,0.53,0,-4,-4,
ATT,37315080,-3.72,-3.5,0.36,0.46,159.33,159.66,0.07,1,,,,,
PRX,37315200,2,10.69,0,5,0,11.39,0,11.07,0,0,90,5,
IMU,37315208,0.05691027,0.002804171,0.3672632,0.5966413,-0.1293721,-11.2551,0,0,39.9631,1,1,1000,1000
IMU,37354991,0.01668944,-0.00216895,0.3586541,-0.9080235,0.7643303,-9.939334,0,0,39.95086,1,1,1000,1000
IMU,37394981,0.07914777,0.02210695,0.3645326,0.6509081,-0.649937,-8.48316,0,0,39.93809,1,1,1000,1000
CTUN,37415054,0.4025661,0.000633955,0.4335033,0.3250751,0.3065697,0.3475933,1.8,0.49,0.53,0,-4,-4,
ATT,37415108,-3.12,-3.12,1.21,0.73,161.33,161.74,0.07,1,,,,,
PRX,37415228,2,11.04,0,5.18,0,14.03,0,10.94,0,0,90,5.18,
IMU,37434990,0.1908185,0.2268887,0.362424,-0.1008955,0.1413991,-11.38519,0,0,39.92538,1,1,1000,1000
IMU,37474984,0.08371558,0.1695072,0.3626897,0.3578022,0.3168624,-9.111209,0,0,39.91261,1,1,1000,1000
CTUN,37515150,0.3946497,0.0005693436,0.4314222,0.3250751,0.3081208,0.3481771,1.95,0.49,0.53,0,-4,-3,
ATT,37515266,-3.37,-2.6,1.03,1.62,163.33,163.72,0.07,1,,,,,
PRX,37515506,2,11.18,0,5.34,0,11.73,0,10.72,0,0,90,5.34,
IMU,37515513,-0.02488732,-0.01697106,0.3497135,0.5874209,0.3360604,-10.67685,0,0,39.90064,1,1,1000,1000
IMU,37554972,-0.05250219,-0.1514331,0.3353613,-0.003735557,1.299459,-10.40835,0,0,39.88862,1,1,1000,1000
IMU,37594959,-0.07207233,-0.1186826,0.3308595,-0.9954331,-1.71945,-8.442604,0,0,39.87873,1,1,1000,1000
CTUN,37615024,0.4181653,0.0006114542,0.4283188,0.3250751,0.3093802,0.3473286,2.04,0.49,0.54,0,-4,-5,
ATT,37615081,-3.55,-2.91,0.72,1.04,165.33,165.67,0.07,1,,,,,
PRX,37615203,2,10.91,0,5.6,0,11.6,0,10.49,0,0,90,5.6,
IMU,37635532,0.001085058,-0.03724809,0.3096012,0.5201687,1.652567,-10.24802,0,0,39.86968,1,1,1000,1000
IMU,37674880,0.03657234,-0.0537684,0.3362661,-0.6826735,-1.338288,-9.892366,0,0,39.86251,1,1,1000,1000
CTUN,37715017,0.4542367,0.0006076694,0.4414974,0.3250751,0.3102088,0.3458571,1.84,0.49,0.54,0,-4,-6,
ATT,37715071,-3.61,-2.81,0.74,0.91,167.33,167.58,0.07,1,,,,,
PRX,37715708,2,10.65,0,5.82,0,11.68,0,10.13,0,0,90,5.82,
IMU,37715720,-0.01418676,-0.005388041,0.3449026,0.08581105,0.492672,-8.416018,0,0,39.85619,1,1,1000,1000
IMU,37754975,0.04559325,0.04113634,0.3351089,-0.2701014,0.5315033,-11.38449,0,0,39.85105,1,1,1000,1000
IMU,37794959,0.0850242,0.1239033,0.2998663,-0.1828541,-1.09791,-9.341309,0,0,39.84706,1,1,1000,1000
CTUN,37815004,0.4625813,0.0005682111,0.4436775,0.3250751,0.3106173,0.3438581,1.74,0.49,0.53,0,-4,-5,
ATT,37815060,-3.59,-2.44,0.92,1.43,169.33,169.38,0.06,1,,,,,
PRX,37815406,2,10.59,0,6.04,0,11.89,0,9.95,0,0,90,6.04,
IMU,37835023,0.05474091,0.08491103,0.2998303,0.7250474,0.7398559,-8.69466,0,0,39.84383,1,1,1000,1000
IMU,37875216,0.09116003,0.1044619,0.2664602,-0.5403436,-0.1369164,-10.16911,0,0,39.84125,1,1,1000,1000
CTUN,37914961,0.4375615,0.0005251467,0.4397033,0.3250751,0.3108266,0.3420282,1.85,0.49,0.53,0,-4,-5,
ATT,37915013,-3.49,-1.99,1.04,1.97,171.33,171,0.06,1,,,,,
PRX,37915135,2,10.49,0,6.54,0,11.74,0,9.68,0,0,90,6.54,
IMU,37915143,0.06132609,0.07189586,0.2771254,0.5202889,0.2552646,-10.26403,0,0,39.83958,1,1,1000,1000
IMU,37954817,0.1020477,0.02592646,0.2870637,-0.5536547,-0.2133636,-8.841832,0,0,39.83823,1,1,1000,1000
IMU,37994816,0.1415519,0.04870771,0.2528553,0.5453081,0.8751683,-10.7849,0,0,39.83716,1,1,1000,1000
CTUN,38014942,0.4231198,0.0004164875,0.4493124,0.3250751,0.3107522,0.341068,1.83,0.49,0.53,0,-4,-4,
ATT,38015581,-3.18,-1.31,1.13,2.17,173.33,172.56,0.06,1,,,,,
PRX,38015738,2,10.62,0,6.92,0,11.61,0,9.35,0,0,90,6.92,
IMU,38034906,0.1105754,-0.02386977,0.2639809,0.2235718,1.608227,-10.9521,0,0,39.83634,1,1,1000,1000
IMU,38074972,0.1055828,-0.005066333,0.2654566,0.3219218,-1.876153,-9.427739,0,0,39.83489,1,1,1000,1000
CTUN,38115016,0.4458433,0.0003248453,0.4398413,0.3250751,0.3105838,0.340993,1.74,0.49,0.53,0,-5,-5,
ATT,38115068,-2.65,-0.7,1.11,2.06,175.33,174.09,0.06,1,,,,,
PRX,38115190,2,10.47,0,7.23,0,11.56,0,8.97,0,0,90,7.23,
IMU,38115197,0.1213882,-0.03652911,0.2689574,0.5017426,1.413827,-9.218845,0,0,39.83238,1,1,1000,1000
IMU,38154946,0.153645,-0.07068963,0.2860797,0.1178409,-0.96628,-11.12739,0,0,39.8287,1,1,1000,1000
IMU,38194908,0.1149046,-0.03145268,0.279765,-0.7954163,0.8250048,-11.20343,0,0,39.82208,1,1,1000,1000
CTUN,38214938,0.4564222,0.0002245605,0.4483008,0.3250751,0.3104843,0.3424452,1.73,0.49,0.54,0,-5,-5,
ATT,38214990,-2.04,0.15,1.17,1.78,177.33,175.75,0.05,1,,,,,
PRX,38215112,2,10.33,0,7.54,0,11.65,0,8.64,0,0,90,7.54,
IMU,38234818,0.1504434,-0.03980691,0.2952686,1.167927,-0.6611047,-8.148697,0,0,39.81381,1,1,1000,1000
IMU,38274806,0.09780753,-0.02405623,0.3088927,-1.24515,0.4464117,-9.728005,0,0,39.80365,1,1,1000,1000
CTUN,38314893,0.4501533,0.000230968,0.4335385,0.3250751,0.3094352,0.3423314,1.76,0.49,0.55,0,-6,-6,
ATT,38314943,-1.35,0.85,1.28,1.62,179.33,177.52,0.05,1,,,,,
PRX,38315062,2,10.15,0,7.99,0,11.52,0,8.27,0,0,90,7.99,
IMU,38315069,0.1050584,-0.02390795,0.3155631,0.286607,-0.0642515,-8.48234,0,0,39.79201,1,1,1000,1000
IMU,38354875,0.08352096,-0.02172322,0.3202995,0.04703423,0.9254768,-11.08573,0,0,39.77988,1,1,1000,1000
IMU,38394955,0.06570435,-0.01611198,0.3251888,0.7070107,0.09733042,-9.048437,0,0,39.76859,1,1,1000,1000
CTUN,38415013,0.4834569,0.0002889633,0.4533394,0.3250751,0.3080662,0.3416846,1.89,0.49,0.53,0,-6,-6,
ATT,38415068,-0.67,1.33,1.37,1.45,181.33,179.4,0.04,1,,,,,
PRX,38415190,2,10.05,0,8.26,0,11.6,0,8.07,0,0,270,8.07,
IMU,38434940,0.02054295,-0.003543257,0.3427428,-0.6148611,0.2497973,-9.160144,0,0,39.75788,1,1,1000,1000
IMU,38474979,0.01873067,0.01435135,0.343731,-0.3598387,-1.242457,-8.739496,0,0,39.74747,1,1,1000,1000
CTUN,38515032,0.4059456,0.0002735257,0.4533817,0.3250751,0.3080132,0.3398801,1.91,0.49,0.53,0,-4,-5,
ATT,38515147,-0.1,1.52,1.8,1.44,183.33,181.39,0.04,1,,,,,
PRX,38515267,2,10.19,0,8.69,0,23,0,7.72,0,0,270,7.72,
IMU,38515274,0.03820456,0.002801845,0.3510246,-0.006124036,1.23337,-11.07566,0,0,39.73736,1,1,1000,1000
IMU,38554872,0.001612968,0.1774002,0.3571989,0.2741281,0.09527534,-10.4188,0,0,39.72732,1,1,1000,1000
IMU,38594974,0.0317065,0.2369813,0.3642202,0.5051415,-1.244498,-10.094,0,0,39.71564,1,1,1000,1000
CTUN,38615008,0.4452845,0.0005966425,0.4460468,0.3250751,0.3081407,0.3398274,1.89,0.49,0.54,0,-4,-4,
ATT,38615064,0.28,1.68,2.74,2.44,185.33,183.53,0.04,1,,,,,
PRX,38615182,2,10.43,0,8.99,0,23.47,0,7.51,0,0,270,7.51,
IMU,38634950,-0.01591385,0.1854331,0.3796126,-0.4986813,1.35103,-9.04354,0,0,39.70497,1,1,1000,1000
IMU,38674918,-0.02882887,0.09267391,0.3967165,0.689916,-0.9446746,-10.09005,0,0,39.6954,1,1,1000,1000
CTUN,38715017,0.4248046,0.000759244,0.4478071,0.3250751,0.3080223,0.33951,1.87,0.49,0.54,0,-5,-4,
ATT,38715073,0.67,1.73,3.16,2.95,187.33,185.8,0.04,1,,,,,
PRX,38715194,2,11.01,0,9.53,0,14.01,0,7.24,0,0,270,7.24,
IMU,38715202,0.01292554,0.02217558,0.4084211,-0.6025872,0.9339252,-11.62263,0,0,39.68579,1,1,1000,1000
IMU,38754991,-0.03081027,0.03004081,0.4133846,0.6640122,-0.799633,-8.751836,0,0,39.67695,1,1,1000,1000
IMU,38794988,0.08201441,-0.009782295,0.43317,-0.1748229,-0.009145617,-9.289072,0,0,39.66967,1,1,1000,1000
CTUN,38815006,0.4448346,0.0008363128,0.4421058,0.3250751,0.3079315,0.3395063,1.89,0.49,0.54,0,-5,-5,
ATT,38815061,1.05,1.93,3.26,2.92,189.33,188.27,0.04,1,,,,,
PRX,38815182,2,11.23,0,9.8,0,14.09,0,7.09,0,0,270,7.09,
IMU,38834981,-0.02781853,0.03313745,0.4480594,0.0009702444,1.469044,-9.995723,0,0,39.6641,1,1,1000,1000
IMU,38874964,0.01078003,-0.03004149,0.4657814,0.9560844,-1.500673,-10.069,0,0,39.66026,1,1,1000,1000
CTUN,38915054,0.4704456,0.0008350611,0.4416153,0.3250751,0.3075268,0.341037,1.93,0.49,0.53,0,-6,-6,
ATT,38915110,1.41,2.02,3.18,2.74,191.33,190.87,0.04,1,,,,,
PRX,38915232,2,11.6,0,10.11,0,14.12,0,6.95,0,0,270,6.95,
IMU,38915240,0.009095518,-0.03519279,0.4557987,-0.7096283,1.244919,-8.651834,0,0,39.6581,1,1,1000,1000
IMU,38954988,-0.03283687,-0.01642825,0.452637,0.6428972,-0.5490663,-9.783947,0,0,39.65768,1,1,1000,1000
IMU,38994971,0.06621723,-0.1906195,0.4947572,0.2193714,-1.425225,-10.94664,0,0,39.65935,1,1,1000,1000
CTUN,39015029,0.4409467,0.0006136,0.4573283,0.3250751,0.3072573,0.3403979,1.87,0.49,0.53,0,-4,-5,
ATT,39015086,2.34,2.33,2.01,1.92,193.33,193.67,0.04,1,,,,,
PRX,39015215,2,11.92,0,10.38,0,11.64,0,6.95,0,0,270,6.95,
IMU,39034986,0.1404737,-0.3363163,0.4862042,-0.4976619,1.65343,-8.970061,0,0,39.66173,1,1,1000,1000
IMU,39075131,0.1078178,-0.3434628,0.4822387,-0.2530916,-0.4058621,-9.140136,0,0,39.66403,1,1,1000,1000
CTUN,39115057,0.4360361,0.000469476,0.4341338,0.3255086,0.3073305,0.3417155,1.95,0.49,3.28,0,-5,-5,
ATT,39115113,2.29,2.61,1.88,0.49,195.33,196.34,0.04,1,,,,,
PRX,39115234,2,12.36,0,10.71,0,13.53,0,7.02,0,0,270,7.02,
IMU,39115242,-0.1294422,0.02922112,0.4627149,0.6399817,0.1099997,-9.428692,0,0,39.66518,1,1,1000,1000
IMU,39154964,-0.1489475,0.155215,0.4590364,-0.1066492,-0.1801415,-10.24949,0,0,39.66631,1,1,1000,1000
IMU,39194988,0.04898641,-0.1073973,0.4609879,0.4655766,1.160272,-9.908944,0,0,39.66763,1,1,1000,1000
CTUN,39215110,0.4549318,0.0003993511,0.4506409,0.3260712,0.307391,0.3427066,1.96,0.49,0.54,0,-5,-5,
ATT,39215166,2.88,2.37,0.42,0.32,197.33,199.02,0.04,1,,,,,
PRX,39215290,2,12.91,0,11.04,0,10.76,0,7.08,0,0,270,7.08,
IMU,39235018,0.1155355,-0.2600635,0.4391135,0.6725875,-1.495787,-9.648394,0,0,39.66778,1,1,1000,1000
IMU,39274992,-0.06955202,-0.324768,0.4439383,-0.7338062,1.017028,-9.758494,0,0,39.66605,1,1,1000,1000
CTUN,39315093,0.4656704,0.0004565418,0.4474874,0.3260712,0.3073419,0.3449652,2.03,0.49,0.54,0,-5,-5,
ATT,39315149,2.37,1.94,-1.36,-1.62,199.33,201.49,0.04,1,,,,,
PRX,39315269,2,15.75,0,11.27,0,10.33,0,7.25,0,0,270,7.25,
IMU,39315276,-0.2555151,-0.3594005,0.4315109,0.6584963,-0.9203007,-9.969931,0,0,39.66312,1,1,1000,1000
IMU,39354817,-0.1445501,-0.1964178,0.415556,-0.1781496,-1.483673,-9.045327,0,0,39.65872,1,1,1000,1000
IMU,39394950,-0.2148116,0.1442742,0.3554652,0.5540692,-0.4178508,-9.211128,0,0,39.65409,1,1,1000,1000
CTUN,39415027,0.3816772,0.0002138615,0.4215042,0.3260712,0.3066999,0.3450591,2,0.49,0.51,0,-7,-4,
ATT,39415083,1.3,0.71,-0.87,-1.77,200.2,203.72,0.04,1,,,,,
PRX,39415206,2,15.14,0,11.69,0,10.05,0,7.51,0,0,270,7.51,
IMU,39434977,-0.2841055,0.2740784,0.3132067,-0.2964383,0.7580763,-10.98459,0,0,39.6491,1,1,1000,1000
IMU,39475107,-0.227059,0.246966,0.2421949,0.02463441,0.3847606,-8.801126,0,0,39.64318,1,1,1000,1000
CTUN,39515059,0.4509937,3.59E-05,0.4219253,0.3260712,0.3032239,0.343885,2.12,0.49,0.51,0,-11,-8,
ATT,39515228,0.64,-0.54,-0.43,-0.47,200.2,205.13,0.04,1,,,,,
PRX,39515446,2,23.68,0,11.73,0,9.65,0,7.86,0,0,270,7.86,
IMU,39515456,-0.1543476,0.1679945,0.1733204,0.6491281,-0.1611653,-8.447725,0,0,39.63696,1,1,1000,1000
IMU,39554895,-0.0844536,0.1198695,0.09845,0.1738061,-0.6987743,-10.96653,0,0,39.63033,1,1,1000,1000
IMU,39594815,-0.06328595,0.08091313,0.03856868,0.1137575,2.609517,-8.570004,0,0,39.62443,1,1,1000,1000
CTUN,39614991,0.3982418,6.12E-05,0.4108702,0.3260712,0.2958995,0.3395952,2.12,0.49,0.51,0,-16,-11,
ATT,39615044,0.31,-0.99,-0.21,0.1,200.2,205.58,0.04,1,,,,,
PRX,39615166,2,25.89,0,11.69,0,9.44,0,8.04,0,0,270,8.04,
IMU,39634797,-0.04618727,0.05695553,-0.01586509,-0.1587303,-1.838871,-8.96262,0,0,39.61893,1,1,1000,1000
IMU,39674903,-0.04456601,0.03708007,-0.05248556,0.04225146,-1.412346,-10.87174,0,0,39.61397,1,1,1000,1000
CTUN,39714968,0.3971018,9.55E-05,0.4017468,0.3260712,0.2837243,0.3302908,1.91,0.49,0.48,0,-22,-16,
ATT,39715022,0.15,-1.21,-0.1,0.33,200.2,205.33,0.04,1,,,,,
PRX,39715143,2,24.22,0,11.48,0,9.32,0,8.25,0,0,270,8.25,
IMU,39715151,-0.03709822,0.01690282,-0.0806267,-0.6384023,1.100955,-8.684992,0,0,39.60945,1,1,1000,1000
IMU,39754982,0.01590087,-0.001530109,-0.1082735,-0.07273655,-2.179012,-9.286259,0,0,39.60574,1,1,1000,1000
IMU,39794965,0.03200727,-0.002264199,-0.1189311,1.030309,-0.001654062,-10.24528,0,0,39.6025,1,1,1000,1000
CTUN,39815006,0.3988824,7.77E-05,0.3880421,0.3260712,0.265719,0.3156648,1.79,0.49,0.5,0,-29,-22,
ATT,39815062,0.07,-1.09,-0.05,0.28,200.2,204.75,0.04,1,,,,,
PRX,39815186,2,25.92,0,11.28,0,9.12,0,8.29,0,0,270,8.29,
IMU,39834979,0.02467522,-0.01160161,-0.1321757,-0.6747202,1.766125,-7.659878,0,0,39.59996,1,1,1000,1000
IMU,39874806,0.04815977,-0.01699381,-0.1368264,0.2665176,-2.509146,-9.368918,0,0,39.5979,1,1,1000,1000
CTUN,39914922,0.3879059,4.65E-05,0.3873309,0.3260712,0.2409335,0.2932906,1.79,0.49,0.45,0,-36,-31,
ATT,39914973,0.03,-0.87,-0.02,0.15,200.2,204.03,0.04,1,,,,,
PRX,39915096,2,25.99,0,10.99,0,9.02,0,8.09,0,0,270,8.09,
IMU,39915104,0.03933673,-0.0367355,-0.1423355,0.1107618,1.610986,-9.193665,0,0,39.59642,1,1,1000,1000
IMU,39955140,0.05618693,-0.01613304,-0.1506573,0.6205159,-0.3390956,-7.921194,0,0,39.59565,1,1,1000,1000
IMU,39994824,0.03628115,-0.005584978,-0.1452378,-0.322657,0.3301639,-11.32626,0,0,39.5952,1,1,1000,1000
CTUN,40014926,0.4185964,2.33E-05,0.3961684,0.3260712,0.2095596,0.2629541,1.71,0.49,0.42,0,-42,-37,
ATT,40014980,0.01,-0.6,-0.01,0.05,200.2,203.25,0.04,1,,,,,
PRX,40015221,2,17.98,0,10.78,0,8.65,0,8,0,0,270,8,
IMU,40034908,0.03527823,-0.01922912,-0.1384973,0.435926,-0.7858077,-7.02761,0,0,39.59484,1,1,1000,1000
IMU,40075056,0.02028327,-0.04316016,-0.1355231,-0.1630953,0.9676009,-10.03094,0,0,39.59446,1,1,1000,1000
CTUN,40115075,0.4291246,1.60E-05,0.3888158,0.3260712,0.1725356,0.2256066,1.74,0.49,0.38,0,-47,-44,
ATT,40115129,0,-0.48,0,-0.1,200.2,202.56,0.04,1,,,,,
PRX,40115251,2,25.92,0,10.53,0,8.26,0,7.88,0,0,270,7.88,
IMU,40115259,-0.007329036,-0.01736186,-0.1201223,-0.6465474,-1.067999,-7.242673,0,0,39.59388,1,1,1000,1000
IMU,40155051,-0.011312,-0.02637783,-0.1174391,0.9731369,0.008395165,-10.50997,0,0,39.59351,1,1,1000,1000
IMU,40194795,-0.0270086,-0.003544721,-0.1023958,-0.4238822,0.6843438,-8.324416,0,0,39.59332,1,1,1000,1000
CTUN,40214951,0.3710093,2.00E-05,0.4053217,0.3260712,0.130983,0.182334,1.66,0.49,0.33,0,-51,-49,
ATT,40215005,0,-0.56,0,-0.17,200.2,202.01,0.04,1,,,,,
PRX,40215126,2,25.99,0,10.3,0,7.84,0,7.93,0,0,180,7.84,
IMU,40234864,-0.005328834,-0.007219959,-0.09331431,0.1902906,-1.108765,-10.69849,0,0,39.59323,1,1,1000,1000
IMU,40274913,-0.02716048,0.009504878,-0.08709656,1.030063,0.9620832,-8.70325,0,0,39.59313,1,1,1000,1000
CTUN,40315241,0.4042813,3.02E-05,0.402505,0.3260712,0.08566289,0.1356015,1.51,0.49,0.29,0,-54,-52,
ATT,40315295,0,-0.67,0,-0.17,200.2,201.62,0.04,1,,,,,
PRX,40315530,2,25.99,0,10.17,0,7.37,0,8.11,0,0,180,7.37,
IMU,40315537,-0.03561605,0.004828464,-0.07657021,-0.2027455,-1.168296,-10.63851,0,0,39.59312,1,1,1000,1000
IMU,40354935,-0.06760486,0.03703466,-0.0847295,0.875484,1.320125,-8.871701,0,0,39.59314,1,1,1000,1000
IMU,40394975,-0.06413464,0.07169171,-0.07835253,-0.2631763,-0.812784,-9.880453,0,0,39.59242,1,1,1000,1000
CTUN,40415117,0.4127728,7.04E-05,0.4081108,0.3260712,0.03793073,0.08557346,1.41,0.49,0.24,0,-56,-55,
ATT,40415171,0,-1.04,0,0.14,200.2,201.24,0.04,1,,,,,
PRX,40415295,2,25.99,0,9.95,0,7.12,0,8.28,0,0,180,7.12,
IMU,40435057,-0.05370172,0.07722352,-0.08091594,0.8355579,0.6406115,-10.11691,0,0,39.58907,1,1,1000,1000
IMU,40475040,-0.0615144,0.08592754,-0.06022348,-0.4044033,-0.5586215,-9.009029,0,0,39.58421,1,1,1000,1000
CTUN,40515041,0.412083,0.000130266,0.3998182,0.3260712,-0.01141157,0.03309032,1.35,0.49,0.21,0,-56,-55,
ATT,40515157,0,-1.33,0,0.54,200.2,200.96,0.04,1,,,,,
PRX,40515279,2,25.99,0,9.8,0,6.86,0,8.38,0,0,180,6.86,
IMU,40515286,-0.02085769,0.05449861,-0.05330603,0.09305312,0.2631893,-10.36777,0,0,39.57676,1,1,1000,1000
IMU,40554944,-0.03434415,0.03853226,-0.03858715,-0.1096902,1.489109,-10.80389,0,0,39.56755,1,1,1000,1000
IMU,40594972,-0.04727587,0.04631392,-0.04088986,0.4838563,-0.9740525,-9.29752,0,0,39.55561,1,1,1000,1000
CTUN,40614997,0.4098006,0.0001901686,0.402316,0.3260712,-0.0613604,-0.01891158,1.21,0.49,0.19,0,-56,-56,
ATT,40615051,0,-1.53,0,0.82,200.2,200.81,0.03,1,,,,,
PRX,40615175,2,25.99,0,9.66,0,6.71,0,8.49,0,0,180,6.71,
IMU,40635025,-0.08520408,0.08087848,-0.03509625,0.298639,0.06842298,-10.27439,0,0,39.54273,1,1,1000,1000
IMU,40674919,-0.09772796,0.04691971,-0.04549652,-0.1128537,0.3092447,-9.554182,0,0,39.53057,1,1,1000,1000
CTUN,40714987,0.3108175,0.0002560318,0.3865762,0.3260712,-0.1113569,-0.07036538,0.94,0.49,0.19,0,-56,-53,
ATT,40715044,0,-1.98,0,1.2,200.2,200.63,0.03,1,,,,,
PRX,40715167,2,25.99,0,9.52,0,6.5,0,8.52,0,0,180,6.5,
IMU,40715175,-0.04834358,0.05705918,-0.05209918,0.7723639,-1.00349,-11.33439,0,0,39.51895,1,1,1000,1000
IMU,40754973,0.04904855,0.06822131,-0.04586105,-0.4372373,1.435861,-8.686132,0,0,39.50806,1,1,1000,1000
IMU,40794939,0.1534569,0.03690131,-0.03577688,0.551154,-1.950974,-10.78199,0,0,39.49386,1,1,1000,1000
CTUN,40815463,0.2926905,0.0001839399,0.3633095,0.3260712,-0.1615434,-0.1188098,0.55,0.49,0.19,0,-56,-49,
ATT,40815664,0,-1.46,0,1.4,200.2,200.48,0.03,1,,,,,
PRX,40815792,2,25.99,0,9.5,0,6.28,0,8.56,0,0,180,6.28,
IMU,40834938,0.104337,-0.09242195,-0.02358827,0.9630358,1.458453,-11.88266,0,0,39.47681,1,1,1000,1000
IMU,40874966,0.8269463,-1.110027,0.1061849,0.8858843,-2.184388,-24.30098,0,0,39.45753,1,1,1000,1000
CTUN,40915071,0.2101014,5.98E-05,0.01563377,0.3260712,-0.2113734,-0.1238766,0.48,0.49,0.19,0,-63,18,
ATT,40915126,0,-0.24,0,-1.34,200.2,200.65,0.03,1,,,,,
PRX,40915248,2,18.77,0,9.39,0,6.13,0,8.61,0,0,180,6.13,
IMU,40915257,-0.5119573,-0.1399312,-0.04097389,-0.5557871,-1.955666,-7.181767,0,0,39.43409,1,1,1000,1000
IMU,40955085,-0.4214965,-0.1167389,-0.03337487,-0.8253182,-0.5219179,-6.273168,0,0,39.40651,1,1,1000,1000
IMU,40995096,-0.2604674,-0.06092706,-0.0332348,-1.518292,0.5907744,-5.85012,0,0,39.37666,1,1,1000,1000
CTUN,41015107,0.4121401,0.0005264282,0.2091765,0.3260712,-0.2614109,-0.119265,0.52,0.49,0.19,0,-72,-23,
ATT,41015162,0,-2.15,0,-1.93,200.2,200.53,0.04,1,,,,,
PRX,41015286,2,24.13,0,9.3,0,5.94,0,8.62,0,0,180,5.94,
IMU,41034945,-0.09161236,-0.01800755,-0.03945234,2.083927,0.6006758,-4.405171,0,0,39.34824,1,1,1000,1000
IMU,41074972,1.499956,1.176466,0.009119164,-2.98384,-3.947357,-26.16632,0,0,39.31905,1,1,1000,1000
CTUN,41115034,-0.1637175,-1.34E-05,0,0.3260712,-0.3113414,-0.125025,0.6,0.49,0.19,0,-79,9,
ATT,41115088,0,-0.64,0,0.34,200.2,200.71,0.04,1,,,,,
PRX,41115215,2,24.37,0,9.28,0,5.86,0,8.63,0,0,180,5.86,
IMU,41115222,-0.9698621,-0.1655732,0.1227866,2.731856,0.3648969,-6.99795,0,0,39.29226,1,1,1000,1000
IMU,41154977,-0.9885758,-0.5945034,0.03738409,0.8841203,3.04626,-8.665945,0,0,39.26326,1,1,1000,1000
IMU,41194990,0.8215547,0.4363223,0.06699645,-0.1220721,-0.7857833,-4.962035,0,0,39.23483,1,1,1000,1000
CTUN,41214968,0.08742344,1.96E-05,0.02488472,0.3260712,-0.3613475,-0.1217439,0.63,0.49,0.19,0,-88,-16,
ATT,41215023,0,-1.2,0,-0.1,200.2,201.06,0.03,1,,,,,
PRX,41215148,2,18.7,0,9.16,0,5.8,0,8.67,0,0,180,5.8,
IMU,41234909,1.042411,0.2898484,-0.008827567,2.71954,-1.692009,-10.6499,0,0,39.20919,1,1,1000,1000
IMU,41274801,-0.5680106,-0.2725444,-0.08254578,-0.6491064,0.06093368,-11.39276,0,0,39.18411,1,1,1000,1000
CTUN,41315048,0.01808572,3.69E-06,0,0.3260712,-0.411377,-0.1177862,0.63,0.49,0.19,0,-96,-8,
ATT,41315103,0,-1.08,0,-0.4,200.2,200.66,0.03,1,,,,,
PRX,41315226,2,25.67,0,9.13,0,5.75,0,8.64,0,0,180,5.75,
IMU,41315233,-0.1212625,0.04906333,-0.1173816,-0.5593181,1.43543,-4.681793,0,0,39.16087,1,1,1000,1000
IMU,41354924,0.6707043,0.09633324,-0.0936581,-2.850106,-1.343637,-14.52167,0,0,39.13621,1,1,1000,1000
IMU,41394803,-0.4817386,-0.07963778,0.01363359,-1.059086,0.7876783,-8.754666,0,0,39.11015,1,1,1000,1000
CTUN,41414875,-0.1204306,-1.24E-06,0,0.3260712,-0.461338,-0.1148528,0.64,0.49,0.19,0,-105,-6,
ATT,41414927,0,-0.16,0,-0.19,200.2,200.41,0.03,1,,,,,
PRX,41415047,2,25.98,0,9.16,0,5.73,0,8.64,0,0,180,5.73,
IMU,41435011,0.2582955,0.08060295,-0.03020318,1.525941,0.02106256,-12.42597,0,0,39.08522,1,1,1000,1000
IMU,41474937,0.07262658,-0.04722457,0.04223249,-0.1745124,0.6569977,-6.197361,0,0,39.06125,1,1,1000,1000
CTUN,41515003,-0.5279875,-8.76E-06,0,0.3260712,-0.5113397,-0.1079978,0.76,0.49,0.19,0,-114,-1,
ATT,41515118,0,-0.29,0,-0.15,200.2,200.63,0.03,1,,,,,
PRX,41515241,2,25.99,0,9.18,0,5.72,0,8.64,0,0,180,5.72,
IMU,41515248,-0.2581889,0.01406186,0.06032768,0.5098051,-1.114855,-10.8752,0,0,39.03961,1,1,1000,1000
IMU,41554949,0.2095282,0.04580836,0.03612327,0.8946232,-2.383739,-10.18469,0,0,39.01809,1,1,1000,1000
IMU,41594822,0.04099596,-0.03233029,0.0006341536,0.9957033,-0.576871,-9.817741,0,0,38.99726,1,1,1000,1000
CTUN,41614909,-0.4740355,-2.44E-06,0,0.3260712,-0.5613467,-0.1021264,0.89,0.49,0.19,0,-122,-2,
ATT,41614960,0,-0.03,0,-0.17,200.2,200.78,0.02,1,,,,,
PRX,41615082,2,25.99,0,9.18,0,5.73,0,8.62,0,0,180,5.73,
IMU,41634886,-0.1828796,-0.004906324,0.01763369,0.6605773,0.4241468,-9.561041,0,0,38.97715,1,1,1000,1000
IMU,41674933,0.07565032,0.001678627,-0.00302962,-1.218209,-0.2558724,-9.6075,0,0,38.95696,1,1,1000,1000
CTUN,41714926,-0.493971,-4.47E-06,0,0.3260712,-0.6113297,-0.09366896,1.05,0.49,0.19,0,-130,-2,
ATT,41714978,0,-0.09,0,-0.22,200.2,200.84,0.02,1,,,,,
PRX,41715099,2,25.68,0,9.19,0,5.82,0,8.63,0,0,180,5.82,
IMU,41715107,0.08370489,-0.006240659,0.002065149,-0.786293,-0.7865384,-9.827492,0,0,38.9379,1,1,1000,1000
IMU,41754826,-0.1009925,-0.01557932,0.01000033,-0.0604754,-0.1389686,-9.099141,0,0,38.9199,1,1,1000,1000
IMU,41794942,0.005795418,0.008911202,-0.008871093,0.03628163,0.5592104,-9.767675,0,0,38.90356,1,1,1000,1000
CTUN,41814958,-0.55257,-6.74E-06,0,0.3260712,-0.6613456,-0.08641703,1.07,0.49,0.19,0,-137,-2,
ATT,41815014,0,-0.16,0,-0.22,200.2,200.86,0.02,1,,,,,
PRX,41815140,2,25.98,0,9.2,0,5.75,0,8.65,0,0,180,5.75,
IMU,41834957,0.07735932,0.006370125,0.007864624,0.4376926,-0.371152,-10.62564,0,0,38.88932,1,1,1000,1000
IMU,41874947,-0.04165705,-0.007440942,-0.001367118,0.00619752,0.02134568,-9.868591,0,0,38.87736,1,1,1000,1000
CTUN,41914966,-0.5608555,-5.90E-06,0,0.3260712,-0.7113321,-0.07806858,1,0.49,0.19,0,-143,-1,
ATT,41915020,0,-0.13,0,-0.22,200.2,200.91,0.02,1,,,,,
PRX,41915144,2,24.5,0,9.23,0,5.73,0,8.66,0,0,180,5.73,
IMU,41915151,-0.03907908,-0.01023552,0.002208619,-0.19428,0.5067654,-9.832226,0,0,38.86745,1,1,1000,1000
IMU,41954889,0.05347399,0.008251247,-0.0001462341,0.542248,-0.4785929,-9.883381,0,0,38.85933,1,1,1000,1000
IMU,41994815,0.009150804,0.0003044251,-0.00306585,-0.4901883,0.05237408,-9.342608,0,0,38.85278,1,1,1000,1000
CTUN,42014968,-0.6006284,-5.72E-06,0,0.3260712,-0.761333,-0.06972331,0.85,0.49,0.19,0,-149,-1,
ATT,42015021,0,-0.07,0,-0.23,200.2,200.94,0.02,1,,,,,
PRX,42015144,2,25.93,0,9.19,0,5.71,0,8.61,0,0,180,5.71,
IMU,42034779,-0.04369632,-0.008349371,0.006183851,0.5660064,0.3064621,-9.728807,0,0,38.84788,1,1,1000,1000
IMU,42074795,0.02015261,-0.0008507455,-0.007190472,-0.4322075,-0.1349463,-9.873236,0,0,38.84431,1,1,1000,1000
CTUN,42114968,-0.6177026,-5.72E-06,0,0.3260712,-0.8113387,-0.06168275,0.78,0.49,0.19,0,-155,-1,
ATT,42115023,0,-0.07,0,-0.23,200.2,200.98,0.02,1,,,,,
PRX,42115145,2,24.5,0,9.15,0,5.76,0,8.64,0,0,180,5.76,
IMU,42115153,0.02536491,0.007716751,-0.002049153,-0.6002493,-0.04762733,-9.598157,0,0,38.84195,1,1,1000,1000
IMU,42154935,-0.02847273,-0.005008373,0.01807518,0.2114469,0.06022483,-9.908767,0,0,38.84036,1,1,1000,1000
IMU,42194951,-0.007600762,-0.01740081,-0.00923395,0.1875279,0.1655133,-9.952707,0,0,38.84032,1,1,1000,1000
CTUN,42214990,-0.6455102,-7.75E-06,0,0.3260712,-0.8613647,-0.05277197,0.75,0.49,0.19,0,-160,-1,
ATT,42215044,0,-0.09,0,-0.26,200.2,201.04,0.01,1,,,,,
PRX,42215167,2,18.79,0,9.18,0,5.74,0,8.64,0,0,180,5.74,
IMU,42235068,0.02882098,0.007432208,-0.0008524562,-0.1599641,-0.2673616,-9.861626,0,0,38.84229,1,1,1000,1000
IMU,42274974,-8.98E-05,-0.004127381,0.01096168,-0.2593842,0.06441116,-9.924629,0,0,38.84444,1,1,1000,1000
CTUN,42315027,-0.6672943,-8.76E-06,0,0.3260712,-0.9113433,-0.04536111,0.73,0.49,0.19,0,-165,-1,
ATT,42315082,0,-0.08,0,-0.27,200.2,201.07,0.01,1,,,,,
PRX,42315205,2,18.58,0,9.18,0,5.76,0,8.64,0,0,180,5.76,
IMU,42315212,-0.02284298,-0.00698151,-0.0008214678,0.3438834,-0.162589,-9.636455,0,0,38.84692,1,1,1000,1000
IMU,42355029,0.0119882,-0.001316782,-0.0005852554,0.4080854,-0.4488673,-9.472244,0,0,38.85099,1,1,1000,1000
IMU,42394937,0.01338468,0.01020241,-0.009088043,-0.6454215,0.03944408,-9.468105,0,0,38.85514,1,1,1000,1000
CTUN,42415055,-0.698148,-8.46E-06,0,0.3260712,-0.9613866,-0.03610209,0.67,0.49,0.19,0,-170,0,
ATT,42415112,0,-0.06,0,-0.27,200.2,201.12,0.01,1,,,,,
PRX,42415760,2,18.78,0,9.24,0,5.76,0,8.63,0,0,180,5.76,
IMU,42434962,-0.01658211,-0.003399643,0.00742711,-0.006800206,-0.2535549,-9.467262,0,0,38.86048,1,1,1000,1000
IMU,42474968,0.001068717,-0.006984357,0.0007356877,0.1722032,-0.004682653,-10.0026,0,0,38.86544,1,1,1000,1000
CTUN,42515000,-0.7294583,-9.12E-06,0,0.3260712,-1.011343,-0.02873345,0.6,0.49,0.19,0,-175,0,
ATT,42515116,0,-0.04,0,-0.28,200.2,201.16,0.01,1,,,,,
PRX,42515238,2,25.68,0,9.21,0,5.72,0,8.62,0,0,180,5.72,
IMU,42515244,0.01641854,0.003077848,-0.008844431,-0.6504427,-0.2129178,-9.990431,0,0,38.86956,1,1,1000,1000
IMU,42554986,-0.001796537,0.0004671335,0.004781722,-0.3292953,0.3350799,-10.1043,0,0,38.87267,1,1,1000,1000
IMU,42594964,-0.01058443,0.002452595,0.01415649,-0.2779735,-0.2763501,-9.679129,0,0,38.87347,1,1,1000,1000
CTUN,42614999,-0.7435484,-9.30E-06,0,0.3260712,-1.061343,-0.02001669,0.65,0.49,0.19,0,-180,0,
ATT,42615053,0,-0.03,0,-0.28,200.2,201.21,0.01,1,,,,,
PRX,42615176,2,25.98,0,9.18,0,5.71,0,8.63,0,0,180,5.71,
IMU,42634925,0.001654865,-0.007959836,0.0009590677,0.8752914,-0.4343461,-9.962861,0,0,38.87269,1,1,1000,1000
IMU,42675123,0.01654674,0.005974207,-0.005721862,-0.1746552,0.07668475,-9.697065,0,0,38.87148,1,1,1000,1000
CTUN,42714974,-0.7681607,-1.04E-05,0,0.3260712,-1.111355,-0.01260764,0.66,0.49,0.19,0,-184,0,
ATT,42715028,0,-0.03,0,-0.29,200.2,201.28,0.01,1,,,,,
PRX,42715151,2,25.99,0,9.19,0,5.74,0,8.66,0,0,180,5.74,
IMU,42715159,-0.01019757,0.003384825,0.01120745,-0.5797321,-0.2091083,-9.554585,0,0,38.86935,1,1,1000,1000
IMU,42755114,-0.002813991,-0.0114753,0.01356369,0.4621454,0.4137987,-9.767962,0,0,38.86621,1,1,1000,1000
IMU,42794944,0.008136078,-0.003244405,-0.0003246832,-0.1427867,-0.1829257,-9.943539,0,0,38.86253,1,1,1000,1000
CTUN,42814978,-0.7834231,-1.24E-05,0,0.3260712,-1.161349,-0.00492188,0.5,0.49,0.19,0,-188,0,
ATT,42815034,0,-0.02,0,-0.32,200.2,201.33,0.01,1,,,,,
PRX,42815157,2,25.99,0,9.18,0,5.75,0,8.67,0,0,180,5.75,
IMU,42835002,-0.002781576,0.00349678,-0.01416285,0.04076394,0.02532985,-9.998256,0,0,38.85918,1,1,1000,1000
IMU,42874949,0.001938375,-0.0001585317,0.009440767,-0.7951208,0.419679,-9.452965,0,0,38.85528,1,1,1000,1000
CTUN,42915076,-0.8072178,-1.26E-05,0,0.3260712,-1.211352,0.002071223,0.57,0.49,0.19,0,-192,0,
ATT,42915132,0,0,0,-0.31,200.2,201.37,0.01,1,,,,,
PRX,42915405,2,18.76,0,9.13,0,5.72,0,8.63,0,0,180,5.72,
IMU,42915414,0.001328403,-0.00182226,-0.001360733,0.1952008,-0.3765371,-9.5466,0,0,38.8507,1,1,1000,1000
IMU,42955009,0.003930676,-0.007749751,-0.00457331,0.4346666,0.5103143,-9.744411,0,0,38.84465,1,1,1000,1000
IMU,42994941,0.004918176,0.009539636,-0.008481644,-0.8009648,-0.07980391,-9.498445,0,0,38.83698,1,1,1000,1000
CTUN,43015009,-0.8214474,-1.31E-05,0,0.3260712,-1.261341,0.008384947,0.48,0.49,0.19,0,-196,0,
ATT,43015062,0,0.01,0,-0.32,200.2,201.42,0,1,,,,,
PRX,43015184,2,25.67,0,9.17,0,5.75,0,8.6,0,0,180,5.75,
IMU,43034912,-0.007099013,-0.006755537,0.009624549,-0.1494182,-0.1422043,-9.717237,0,0,38.82769,1,1,1000,1000
IMU,43074812,0.004913448,-0.002535998,0.01010809,0.1653958,0.09116943,-9.930135,0,0,38.81614,1,1,1000,1000
CTUN,43115004,-0.8193251,-1.36E-05,0,0.3260712,-1.3055,0.01481279,0.52,0.49,0.19,0,-200,0,
ATT,43115061,0,0.01,0,-0.32,200.2,201.47,0,1,,,,,
PRX,43115184,2,25.98,0,9.15,0,5.75,0,8.64,0,0,180,5.75,
IMU,43115192,-0.003540314,0.0007275383,-0.0009944283,0.5533935,-0.6400514,-9.625878,0,0,38.8032,1,1,1000,1000
IMU,43155011,0.0004850985,-0.003929406,-0.002163625,-0.2063049,0.253936,-9.974853,0,0,38.79015,1,1,1000,1000
IMU,43194983,0.002816177,0.00831541,0.01026472,-0.4524671,-0.2601522,-9.567763,0,0,38.77704,1,1,1000,1000
CTUN,43214998,-0.8196954,-1.32E-05,0,0.3260712,-1.300298,0.02001431,0.57,0.49,0.19,0,-200,0,
ATT,43215054,0,0.03,0,-0.32,200.2,201.51,0,1,,,,,
PRX,43215178,2,25.99,0,9.18,0,5.75,0,8.65,0,0,180,5.75,
IMU,43235094,0.000805392,-0.008654961,0.009774661,0.3625726,-0.2534525,-9.656099,0,0,38.76531,1,1,1000,1000
